Time_Hours,Active_Links,Data_Rate_Tbps,Interplanetary_Links,Success_Rate_Pct,Nav_Assisted_Pct,Traffic_Scheduled
0.0,0,0.0,0,0.0,0.0,0
24.0,9,0.009,5,17.647058823529413,33.33333333333333,8
48.0,21,0.020962584972130174,11,28.000000000000004,23.809523809523807,8
72.0,25,0.02494690614231224,13,24.752475247524753,28.000000000000004,8
96.0,32,0.03171114611137861,19,25.6,28.125,8
120.0,44,0.04382367549036196,29,30.344827586206897,29.545454545454547,8
144.0,56,0.05586639612346559,35,34.355828220858896,23.214285714285715,8
168.0,65,0.06493689503419244,39,33.33333333333333,21.53846153846154,8
192.0,78,0.07712083509069124,47,36.27906976744186,17.94871794871795,8
216.0,85,0.08421133223382739,52,35.12396694214876,18.823529411764707,8
240.0,92,0.09170918618705931,55,35.11450381679389,17.391304347826086,8
264.0,93,0.09316367681784975,56,33.096085409252666,18.27956989247312,8
288.0,97,0.09724720980381364,59,32.659932659932664,19.587628865979383,8
312.0,101,0.10096073406729383,62,31.962025316455694,18.81188118811881,8
336.0,106,0.10573661672295002,66,32.02416918429003,19.81132075471698,8
360.0,112,0.1119610041329749,70,32.18390804597701,19.642857142857142,8
384.0,118,0.11856083751214658,75,32.86908077994429,20.33898305084746,8
408.0,123,0.12320076858585664,78,32.975871313672926,19.51219512195122,8
432.0,125,0.12467850324600012,80,32.72251308900523,20.0,8
456.0,127,0.12623964353706613,73,31.909547738693465,20.47244094488189,8
480.0,130,0.1296440111395945,76,31.784841075794624,20.0,8
504.0,130,0.13022182137643257,76,30.58823529411765,20.0,8
528.0,136,0.13599907944884132,81,31.12128146453089,20.588235294117645,8
552.0,140,0.13950600603325142,84,30.63457330415755,21.428571428571427,8
576.0,142,0.1426476405507544,85,30.2771855010661,21.12676056338028,8
600.0,147,0.14707999037934943,90,30.246913580246915,21.08843537414966,8
624.0,153,0.15197452299602118,94,30.784708249496983,20.26143790849673,8
648.0,159,0.15920080822524565,99,31.176470588235293,20.754716981132077,8
672.0,163,0.16397102094553004,101,31.406551059730248,20.245398773006134,8
696.0,165,0.1649829015803329,103,30.95684803001876,20.0,8
720.0,171,0.17035184787232735,109,31.54981549815498,19.883040935672515,8
744.0,174,0.1741673551367627,112,31.464737793851715,20.689655172413794,8
768.0,177,0.17710436600773136,115,31.607142857142854,20.33898305084746,8
792.0,180,0.18012380234799724,118,31.57894736842105,20.555555555555554,8
816.0,183,0.1830973072768072,121,31.770833333333332,20.76502732240437,8
840.0,184,0.18445608086796894,122,31.399317406143346,21.195652173913043,8
864.0,187,0.18698316764945522,124,31.48148148148148,20.855614973262032,8
888.0,189,0.18943467977005948,126,31.343283582089555,21.164021164021165,8
912.0,189,0.1889350131912251,126,30.983606557377048,21.164021164021165,8
936.0,192,0.19149174163706353,129,31.06796116504854,21.875,8
960.0,194,0.19412514220152916,130,31.13964686998395,21.649484536082475,8
984.0,194,0.19371290954161569,130,30.842607313195547,21.649484536082475,8
1008.0,195,0.19577339829888843,131,30.757097791798106,21.53846153846154,8
1032.0,197,0.19686755197813402,133,30.829420970266042,21.82741116751269,8
1056.0,198,0.19834639630142945,134,30.793157076205286,21.71717171717172,8
1080.0,199,0.1985360975828209,135,30.757341576506953,21.608040201005025,8
1104.0,199,0.19812439569671536,135,30.615384615384617,21.608040201005025,8
1128.0,200,0.20029594077342414,136,30.58103975535168,21.5,8
1152.0,200,0.19978745853045304,136,30.211480362537763,21.5,8
1176.0,201,0.20077604436872384,137,30.08982035928144,21.393034825870647,8
1200.0,202,0.20244038306211326,138,29.88165680473373,21.287128712871286,8
1224.0,203,0.20320256479332546,139,29.809104258443465,21.67487684729064,8
1248.0,205,0.2050946257584176,141,29.839883551673946,21.951219512195124,8
1272.0,206,0.2053265784343613,142,29.81186685962373,21.844660194174757,8
1296.0,207,0.2066214844390103,143,29.74137931034483,22.22222222222222,8
1320.0,207,0.20678208257027897,143,29.613733905579398,22.22222222222222,8
1344.0,209,0.2076283257737829,145,29.85714285714286,22.48803827751196,8
1368.0,209,0.20948094515607169,145,29.814550641940084,22.48803827751196,8
1392.0,210,0.2103155689459956,146,29.914529914529915,22.380952380952383,8
1416.0,210,0.20982908387919882,146,29.914529914529915,22.380952380952383,8
1440.0,210,0.21040871880834794,133,29.871977240398294,22.380952380952383,8
1464.0,210,0.20875392422919803,133,29.829545454545453,22.380952380952383,8
1488.0,210,0.2096489573925143,125,29.66101694915254,22.380952380952383,8
1512.0,211,0.21201132565179714,133,29.760225669957684,22.748815165876778,8
1536.0,212,0.2124568739801798,164,29.775280898876407,23.11320754716981,8
1560.0,213,0.21276505036790044,165,29.873772791023846,23.004694835680752,8
1584.0,213,0.21271492774728515,165,29.790209790209794,23.004694835680752,8
1608.0,213,0.21300095485422746,165,29.748603351955303,23.004694835680752,8
1632.0,213,0.2134822194383674,165,29.707112970711297,23.004694835680752,8
1656.0,213,0.21382145278737108,165,29.624478442280942,23.004694835680752,8
1680.0,214,0.21381798632859772,166,29.72222222222222,23.364485981308412,8
1704.0,214,0.21341850295706064,166,29.72222222222222,23.364485981308412,8
1728.0,214,0.21362476537851746,166,29.72222222222222,23.364485981308412,8
1752.0,214,0.2162526531910892,166,29.72222222222222,23.364485981308412,8
1776.0,214,0.21422033868876036,166,29.72222222222222,23.364485981308412,8
1800.0,214,0.21367784296155154,166,29.72222222222222,23.364485981308412,8
1824.0,214,0.21452874912815412,166,29.72222222222222,23.364485981308412,8
1848.0,214,0.21364709707950919,166,29.72222222222222,23.364485981308412,8
1872.0,214,0.21439604939830872,166,29.72222222222222,23.364485981308412,8
1896.0,214,0.2138981919958588,166,29.72222222222222,23.364485981308412,8
1920.0,214,0.2142823873424928,166,29.72222222222222,23.364485981308412,8
1944.0,214,0.21442344714826023,166,29.72222222222222,23.364485981308412,8
1968.0,214,0.21420268684487023,166,29.72222222222222,23.364485981308412,8
1992.0,214,0.21358127629883533,166,29.72222222222222,23.364485981308412,8
2016.0,214,0.21390297130672511,166,29.72222222222222,23.364485981308412,8
2040.0,214,0.21267755642613403,166,29.72222222222222,23.364485981308412,8
2064.0,214,0.21433133999948428,166,29.72222222222222,23.364485981308412,8
2088.0,214,0.21272585037249217,166,29.72222222222222,23.364485981308412,8
2112.0,214,0.21468160604739175,166,29.72222222222222,23.364485981308412,8
2136.0,214,0.21276562730871829,166,29.72222222222222,23.364485981308412,8
2160.0,214,0.21482665798602266,166,29.72222222222222,23.364485981308412,8
2184.0,214,0.21329227896008715,166,29.72222222222222,23.364485981308412,8
2208.0,214,0.2154936604797275,166,29.72222222222222,23.364485981308412,8
2232.0,214,0.21280836827324603,166,29.72222222222222,23.364485981308412,8
2256.0,214,0.21369974332870578,166,29.72222222222222,23.364485981308412,8
2280.0,214,0.213952440578995,166,29.72222222222222,23.364485981308412,8
2304.0,214,0.21332256520173298,166,29.72222222222222,23.364485981308412,8
2328.0,214,0.2140487335639879,166,29.72222222222222,23.364485981308412,8
2352.0,214,0.214205097993912,174,29.72222222222222,23.364485981308412,8
2376.0,214,0.213399410106374,182,29.72222222222222,23.364485981308412,8
2400.0,214,0.2137335113153264,182,29.72222222222222,23.364485981308412,8
2424.0,214,0.21515505085797765,182,29.72222222222222,23.364485981308412,8
2448.0,214,0.2141323966165623,182,29.72222222222222,23.364485981308412,8
2472.0,214,0.21420988885453562,182,29.72222222222222,23.364485981308412,8
2496.0,214,0.21445814145464215,182,29.72222222222222,23.364485981308412,8
2520.0,214,0.2140677117751827,182,29.72222222222222,23.364485981308412,8
2544.0,214,0.21426438261950992,182,29.72222222222222,23.364485981308412,8
2568.0,214,0.21533734902941107,182,29.72222222222222,23.364485981308412,8
2592.0,214,0.2139534696435114,182,29.72222222222222,23.364485981308412,8
2616.0,214,0.21468535849191492,182,29.72222222222222,23.364485981308412,8
2640.0,214,0.2140739296657474,182,29.72222222222222,23.364485981308412,8
2664.0,214,0.2133546738667384,182,29.72222222222222,23.364485981308412,8
2688.0,214,0.21226071513325084,182,29.72222222222222,23.364485981308412,8
2712.0,214,0.21347139286275005,182,29.72222222222222,23.364485981308412,8
2736.0,214,0.21462641687010345,166,29.72222222222222,23.364485981308412,8
2760.0,214,0.2147380588200935,166,29.72222222222222,23.364485981308412,8
2784.0,214,0.21480893098030773,166,29.72222222222222,23.364485981308412,8
2808.0,214,0.2154595865848028,166,29.72222222222222,23.364485981308412,8
2832.0,214,0.21424438520645778,166,29.72222222222222,23.364485981308412,8
2856.0,214,0.2152047916598529,166,29.72222222222222,23.364485981308412,8
2880.0,214,0.2135207664433676,166,29.72222222222222,23.364485981308412,8
2904.0,214,0.2132699443353724,166,29.72222222222222,23.364485981308412,8
2928.0,214,0.21425256948395272,166,29.72222222222222,23.364485981308412,8
2952.0,214,0.21250700419957916,166,29.72222222222222,23.364485981308412,8
2976.0,214,0.21354589513990607,166,29.72222222222222,23.364485981308412,8
3000.0,214,0.2134154709964966,166,29.72222222222222,23.364485981308412,8
3024.0,214,0.2140922408852665,166,29.72222222222222,23.364485981308412,8
3048.0,214,0.2140113270534519,166,29.72222222222222,23.364485981308412,8
3072.0,214,0.21451457685463662,166,29.72222222222222,23.364485981308412,8
3096.0,214,0.2128837887246958,166,29.72222222222222,23.364485981308412,8
3120.0,214,0.21327757015751683,166,29.72222222222222,23.364485981308412,8
3144.0,214,0.2140339462200678,166,29.72222222222222,23.364485981308412,8
3168.0,214,0.2131072600117865,162,29.72222222222222,23.364485981308412,8
3192.0,214,0.21333534398870205,162,29.72222222222222,23.364485981308412,8
3216.0,214,0.21399991950456596,162,29.72222222222222,23.364485981308412,8
3240.0,214,0.21471520595073418,162,29.72222222222222,23.364485981308412,8
3264.0,214,0.21397334567703769,154,29.72222222222222,23.364485981308412,8
3288.0,214,0.21290112488777035,149,29.72222222222222,23.364485981308412,8
3312.0,214,0.214322411591306,143,29.72222222222222,23.364485981308412,8
3336.0,214,0.21471231420297515,143,29.72222222222222,23.364485981308412,8
3360.0,214,0.2133534532574959,133,29.72222222222222,23.364485981308412,8
3384.0,214,0.21339928624040683,131,29.72222222222222,23.364485981308412,8
3408.0,214,0.21468168547523706,100,29.72222222222222,23.364485981308412,8
3432.0,214,0.21433212675372904,100,29.72222222222222,23.364485981308412,8
3456.0,214,0.2136291259674435,98,29.72222222222222,23.364485981308412,8
3480.0,214,0.21512048182827215,98,29.72222222222222,23.364485981308412,8
3504.0,214,0.21391063034400648,98,29.72222222222222,23.364485981308412,8
3528.0,214,0.21430617061716153,98,29.72222222222222,23.364485981308412,8
3552.0,214,0.21426487866521185,98,29.72222222222222,23.364485981308412,8
3576.0,214,0.21530776671450388,98,29.72222222222222,23.364485981308412,8
3600.0,215,0.21565388974924973,98,29.86111111111111,23.72093023255814,8
3624.0,215,0.2155197954332043,98,29.86111111111111,23.72093023255814,8
3648.0,215,0.2142854664583438,96,29.86111111111111,23.72093023255814,8
3672.0,215,0.2162142412717468,96,29.86111111111111,23.72093023255814,8
3696.0,215,0.21470558586404734,96,29.86111111111111,23.72093023255814,8
3720.0,215,0.21507629754012242,96,29.86111111111111,23.72093023255814,8
3744.0,215,0.2141636293981425,96,29.86111111111111,23.72093023255814,8
3768.0,215,0.21555478589661412,96,29.86111111111111,23.72093023255814,8
3792.0,215,0.21520708571347189,96,29.86111111111111,23.72093023255814,8
3816.0,215,0.21492233855961193,96,29.86111111111111,23.72093023255814,8
3840.0,215,0.2153213546831219,96,29.86111111111111,23.72093023255814,8
3864.0,215,0.2154281946689642,96,29.86111111111111,23.72093023255814,8
3888.0,215,0.21400444854802944,96,29.86111111111111,23.72093023255814,8
3912.0,215,0.21485167359501586,96,29.86111111111111,23.72093023255814,8
3936.0,215,0.21477846678541618,96,29.86111111111111,23.72093023255814,8
3960.0,215,0.21482976578900773,96,29.86111111111111,23.72093023255814,8
3984.0,215,0.21426726673394458,96,29.86111111111111,23.72093023255814,8
4008.0,215,0.21573165822370602,96,29.86111111111111,23.72093023255814,8
4032.0,215,0.21424484105049474,96,29.86111111111111,23.72093023255814,8
4056.0,215,0.21326590227971085,96,29.86111111111111,23.72093023255814,8
4080.0,215,0.21553412171048822,80,29.86111111111111,23.72093023255814,8
4104.0,215,0.21609260410036532,80,29.86111111111111,23.72093023255814,8
4128.0,215,0.2146636234729749,82,29.86111111111111,23.72093023255814,8
4152.0,215,0.21569224692587438,82,29.86111111111111,23.72093023255814,8
4176.0,215,0.21477245175816542,82,29.86111111111111,23.72093023255814,8
4200.0,215,0.21277724366645556,82,29.86111111111111,23.72093023255814,8
4224.0,215,0.2151872752720562,86,29.86111111111111,23.72093023255814,8
4248.0,215,0.21363702893675385,86,29.86111111111111,23.72093023255814,8
4272.0,215,0.21492827771767667,86,29.86111111111111,23.72093023255814,8
4296.0,215,0.21625233287476922,90,29.86111111111111,23.72093023255814,8
4320.0,215,0.21577246632565114,90,29.86111111111111,23.72093023255814,8
4344.0,215,0.21438926120175858,92,29.86111111111111,23.72093023255814,8
4368.0,215,0.21586904089409142,94,29.86111111111111,23.72093023255814,8
4392.0,215,0.21536045350936486,94,29.86111111111111,23.72093023255814,8
4416.0,215,0.2151450980958503,96,29.86111111111111,23.72093023255814,8
4440.0,215,0.2149467153813805,96,29.86111111111111,23.72093023255814,8
4464.0,215,0.21578284652077026,96,29.86111111111111,23.72093023255814,8
4488.0,215,0.21463466576453202,96,29.86111111111111,23.72093023255814,8
4512.0,215,0.21484527654625096,96,29.86111111111111,23.72093023255814,8
4536.0,215,0.21589669131976552,96,29.86111111111111,23.72093023255814,8
4560.0,215,0.21415548514206026,100,29.86111111111111,23.72093023255814,8
4584.0,215,0.21523054640987788,100,29.86111111111111,23.72093023255814,8
4608.0,215,0.21486808626851114,100,29.86111111111111,23.72093023255814,8
4632.0,215,0.21549925842897888,100,29.86111111111111,23.72093023255814,8
4656.0,215,0.21561147583618234,100,29.86111111111111,23.72093023255814,8
4680.0,215,0.21447622138462527,100,29.86111111111111,23.72093023255814,8
4704.0,215,0.2148201918546064,100,29.86111111111111,23.72093023255814,8
4728.0,215,0.2139006148357235,100,29.86111111111111,23.72093023255814,8
4752.0,215,0.2152282608208015,100,29.86111111111111,23.72093023255814,8
4776.0,215,0.21589949864618244,100,29.86111111111111,23.72093023255814,8
4800.0,215,0.2148887381682732,100,29.86111111111111,23.72093023255814,8
4824.0,215,0.21519812635969957,100,29.86111111111111,23.72093023255814,8
4848.0,215,0.21639174028473293,100,29.86111111111111,23.72093023255814,8
4872.0,215,0.2150244072603195,100,29.86111111111111,23.72093023255814,8
4896.0,215,0.21561543065168323,100,29.86111111111111,23.72093023255814,8
4920.0,215,0.21451893411945053,100,29.86111111111111,23.72093023255814,8
4944.0,215,0.2154640123048197,100,29.86111111111111,23.72093023255814,8
4968.0,215,0.21510952748712775,100,29.86111111111111,23.72093023255814,8
4992.0,215,0.21383609452350866,100,29.86111111111111,23.72093023255814,8
5016.0,215,0.21633166700261677,100,29.86111111111111,23.72093023255814,8
5040.0,215,0.21600329853410136,100,29.86111111111111,23.72093023255814,8
5064.0,215,0.2173557804072637,100,29.86111111111111,23.72093023255814,8
5088.0,215,0.21474209520643622,100,29.86111111111111,23.72093023255814,8
5112.0,215,0.21562558531495932,100,29.86111111111111,23.72093023255814,8
5136.0,215,0.21536912364907668,100,29.86111111111111,23.72093023255814,8
5160.0,215,0.21478711944982307,100,29.86111111111111,23.72093023255814,8
5184.0,215,0.21465855897732428,100,29.86111111111111,23.72093023255814,8
5208.0,215,0.21445261234049698,100,29.86111111111111,23.72093023255814,8
5232.0,215,0.21570697687257043,100,29.86111111111111,23.72093023255814,8
5256.0,215,0.2144317090680482,100,29.86111111111111,23.72093023255814,8
5280.0,215,0.21446587761221633,100,29.86111111111111,23.72093023255814,8
5304.0,215,0.2140915739804336,100,29.86111111111111,23.72093023255814,8
5328.0,215,0.2147458712647881,100,29.86111111111111,23.72093023255814,8
5352.0,215,0.2130306854923147,100,29.86111111111111,23.72093023255814,8
5376.0,215,0.21589348494008756,100,29.86111111111111,23.72093023255814,8
5400.0,215,0.2151388216506367,100,29.86111111111111,23.72093023255814,8
5424.0,215,0.21595842979144445,100,29.86111111111111,23.72093023255814,8
5448.0,215,0.21490307926289745,100,29.86111111111111,23.72093023255814,8
5472.0,215,0.21497108223766367,100,29.86111111111111,23.72093023255814,8
5496.0,215,0.2150317289389566,100,29.86111111111111,23.72093023255814,8
5520.0,215,0.2144078545455022,100,29.86111111111111,23.72093023255814,8
5544.0,215,0.21590296812863294,100,29.86111111111111,23.72093023255814,8
5568.0,215,0.2155426544037331,100,29.86111111111111,23.72093023255814,8
5592.0,215,0.21388220882584,100,29.86111111111111,23.72093023255814,8
5616.0,215,0.21538597606875343,100,29.86111111111111,23.72093023255814,8
5640.0,215,0.2151228784395048,100,29.86111111111111,23.72093023255814,8
5664.0,215,0.21569934502652957,100,29.86111111111111,23.72093023255814,8
5688.0,215,0.2149560376043153,100,29.86111111111111,23.72093023255814,8
5712.0,215,0.21651393844296776,100,29.86111111111111,23.72093023255814,8
5736.0,215,0.21468418066979203,100,29.86111111111111,23.72093023255814,8
5760.0,215,0.21603243464794264,100,29.86111111111111,23.72093023255814,8
5784.0,215,0.21557353402782684,100,29.86111111111111,23.72093023255814,8
5808.0,215,0.21483467588746408,100,29.86111111111111,23.72093023255814,8
5832.0,215,0.2145573280855196,100,29.86111111111111,23.72093023255814,8
5856.0,215,0.21459643110978094,100,29.86111111111111,23.72093023255814,8
5880.0,215,0.2136111496894894,100,29.86111111111111,23.72093023255814,8
5904.0,215,0.2158070542776564,100,29.86111111111111,23.72093023255814,8
5928.0,215,0.21521888730485986,100,29.86111111111111,23.72093023255814,8
5952.0,215,0.21467232855756238,100,29.86111111111111,23.72093023255814,8
5976.0,215,0.2149675093146733,100,29.86111111111111,23.72093023255814,8
6000.0,215,0.21457831569184052,100,29.86111111111111,23.72093023255814,8
6024.0,215,0.21505482977817506,100,29.86111111111111,23.72093023255814,8
6048.0,215,0.21603254703177283,100,29.86111111111111,23.72093023255814,8
6072.0,215,0.2143707853017169,100,29.86111111111111,23.72093023255814,8
6096.0,215,0.21425847401760958,100,29.86111111111111,23.72093023255814,8
6120.0,215,0.21418897210912835,100,29.86111111111111,23.72093023255814,8
6144.0,215,0.2144787240666774,100,29.86111111111111,23.72093023255814,8
6168.0,215,0.2142357498748577,100,29.86111111111111,23.72093023255814,8
6192.0,215,0.2142866752387113,100,29.86111111111111,23.72093023255814,8
6216.0,215,0.2153437027090073,100,29.86111111111111,23.72093023255814,8
6240.0,215,0.21212307282041723,100,29.86111111111111,23.72093023255814,8
6264.0,215,0.21384961454764315,100,29.86111111111111,23.72093023255814,8
6288.0,215,0.21534505820879257,100,29.86111111111111,23.72093023255814,8
6312.0,215,0.21477081675372733,100,29.86111111111111,23.72093023255814,8
6336.0,215,0.21438272500748654,100,29.86111111111111,23.72093023255814,8
6360.0,215,0.21497055088388686,100,29.86111111111111,23.72093023255814,8
6384.0,215,0.214614546935197,100,29.86111111111111,23.72093023255814,8
6408.0,215,0.21568463364839305,100,29.86111111111111,23.72093023255814,8
6432.0,215,0.21678895345540347,100,29.86111111111111,23.72093023255814,8
6456.0,215,0.2162190285432123,100,29.86111111111111,23.72093023255814,8
6480.0,215,0.2144951547656432,100,29.86111111111111,23.72093023255814,8
6504.0,215,0.21545149824017523,100,29.86111111111111,23.72093023255814,8
6528.0,215,0.21498806437751128,100,29.86111111111111,23.72093023255814,8
6552.0,215,0.21467127972119732,96,29.86111111111111,23.72093023255814,8
6576.0,215,0.21514869213891216,96,29.86111111111111,23.72093023255814,8
6600.0,215,0.21469073800756902,96,29.86111111111111,23.72093023255814,8
6624.0,215,0.21548120499927023,96,29.86111111111111,23.72093023255814,8
6648.0,215,0.21545594750156521,96,29.86111111111111,23.72093023255814,8
6672.0,215,0.2136434124089835,96,29.86111111111111,23.72093023255814,8
6696.0,215,0.21504775572112028,94,29.86111111111111,23.72093023255814,8
6720.0,215,0.2148647241010711,94,29.86111111111111,23.72093023255814,8
6744.0,215,0.2145213700465428,90,29.86111111111111,23.72093023255814,8
6768.0,215,0.216670993871109,90,29.86111111111111,23.72093023255814,8
6792.0,215,0.21294786888815748,90,29.86111111111111,23.72093023255814,8
6816.0,215,0.2156856028319585,86,29.86111111111111,23.72093023255814,8
6840.0,215,0.21596168539744204,86,29.86111111111111,23.72093023255814,8
6864.0,215,0.21490048686106142,84,29.86111111111111,23.72093023255814,8
6888.0,215,0.21614175274207942,82,29.86111111111111,23.72093023255814,8
6912.0,215,0.21397339846547558,82,29.86111111111111,23.72093023255814,8
6936.0,215,0.21459507863479174,82,29.86111111111111,23.72093023255814,8
6960.0,215,0.21571817252610154,80,29.86111111111111,23.72093023255814,8
6984.0,215,0.21464544993721266,80,29.86111111111111,23.72093023255814,8
7008.0,215,0.21612391060242675,80,29.86111111111111,23.72093023255814,8
7032.0,215,0.21377147237620236,80,29.86111111111111,23.72093023255814,8
7056.0,215,0.21497409242804935,80,29.86111111111111,23.72093023255814,8
7080.0,215,0.21520223588050175,80,29.86111111111111,23.72093023255814,8
7104.0,215,0.21460279297398815,80,29.86111111111111,23.72093023255814,8
7128.0,215,0.21331227807286365,80,29.86111111111111,23.72093023255814,8
7152.0,215,0.2147956182058814,96,29.86111111111111,23.72093023255814,8
7176.0,215,0.21396463503335222,96,29.86111111111111,23.72093023255814,8
7200.0,215,0.21528609953180258,96,29.86111111111111,23.72093023255814,8
7224.0,215,0.21526776861689406,96,29.86111111111111,23.72093023255814,8
7248.0,215,0.21458656058508524,96,29.86111111111111,23.72093023255814,8
7272.0,215,0.21492854096099276,96,29.86111111111111,23.72093023255814,8
7296.0,215,0.21441176651207905,96,29.86111111111111,23.72093023255814,8
7320.0,215,0.21448255199888452,96,29.86111111111111,23.72093023255814,8
7344.0,215,0.2152121195402516,96,29.86111111111111,23.72093023255814,8
7368.0,215,0.21526774371806442,96,29.86111111111111,23.72093023255814,8
7392.0,215,0.21632430296646127,96,29.86111111111111,23.72093023255814,8
7416.0,215,0.21380376684320185,96,29.86111111111111,23.72093023255814,8
7440.0,215,0.21606890406455942,96,29.86111111111111,23.72093023255814,8
7464.0,215,0.21625266614604352,96,29.86111111111111,23.72093023255814,8
7488.0,215,0.21512951867811778,96,29.86111111111111,23.72093023255814,8
7512.0,215,0.2144506263607327,96,29.86111111111111,23.72093023255814,8
7536.0,215,0.21437592381559473,96,29.86111111111111,23.72093023255814,8
7560.0,215,0.21623262027618448,96,29.86111111111111,23.72093023255814,8
7584.0,215,0.21540813128343503,96,29.86111111111111,23.72093023255814,8
7608.0,215,0.2154064697744138,96,29.86111111111111,23.72093023255814,8
7632.0,215,0.21461942906800238,96,29.86111111111111,23.72093023255814,8
7656.0,215,0.2149264852983224,96,29.86111111111111,23.72093023255814,8
7680.0,215,0.21529404955517284,96,29.86111111111111,23.72093023255814,8
7704.0,215,0.21593286735364783,98,29.86111111111111,23.72093023255814,8
7728.0,215,0.21530887732739531,98,29.86111111111111,23.72093023255814,8
7752.0,215,0.21547047733336266,98,29.86111111111111,23.72093023255814,8
7776.0,215,0.21326947710584132,110,29.86111111111111,23.72093023255814,8
7800.0,215,0.21509827526574563,110,29.86111111111111,23.72093023255814,8
7824.0,215,0.21405744796956533,146,29.86111111111111,23.72093023255814,8
7848.0,215,0.21386575372788338,149,29.86111111111111,23.72093023255814,8
7872.0,215,0.2149975737803712,151,29.86111111111111,23.72093023255814,8
7896.0,215,0.2157289247485521,161,29.86111111111111,23.72093023255814,8
7920.0,215,0.21586834758202167,163,29.86111111111111,23.72093023255814,8
7944.0,215,0.2150882579820795,163,29.86111111111111,23.72093023255814,8
7968.0,215,0.2149207842987803,163,29.86111111111111,23.72093023255814,8
7992.0,215,0.21503974167633236,163,29.86111111111111,23.72093023255814,8
8016.0,215,0.21564003027205633,163,29.86111111111111,23.72093023255814,8
8040.0,215,0.21564265793435797,167,29.86111111111111,23.72093023255814,8
8064.0,215,0.214349143416532,167,29.86111111111111,23.72093023255814,8
8088.0,215,0.21546614365081448,167,29.86111111111111,23.72093023255814,8
8112.0,215,0.21530877754492356,167,29.86111111111111,23.72093023255814,8
8136.0,215,0.2156028301198146,167,29.86111111111111,23.72093023255814,8
8160.0,215,0.21402982481200833,167,29.86111111111111,23.72093023255814,8
8184.0,215,0.21564459970618946,167,29.86111111111111,23.72093023255814,8
8208.0,215,0.2149457123247653,167,29.86111111111111,23.72093023255814,8
8232.0,215,0.21546910865789945,167,29.86111111111111,23.72093023255814,8
8256.0,215,0.21453201627678412,167,29.86111111111111,23.72093023255814,8
8280.0,215,0.21474723342989482,167,29.86111111111111,23.72093023255814,8
8304.0,215,0.21545662618737815,167,29.86111111111111,23.72093023255814,8
8328.0,215,0.2152926045003132,167,29.86111111111111,23.72093023255814,8
8352.0,215,0.21518707888121627,167,29.86111111111111,23.72093023255814,8
8376.0,215,0.21505456004820028,167,29.86111111111111,23.72093023255814,8
8400.0,215,0.2156644034193777,167,29.86111111111111,23.72093023255814,8
8424.0,215,0.21624039801821296,167,29.86111111111111,23.72093023255814,8
8448.0,215,0.21594198704303788,167,29.86111111111111,23.72093023255814,8
8472.0,215,0.21495802231577563,167,29.86111111111111,23.72093023255814,8
8496.0,215,0.2133777030862264,167,29.86111111111111,23.72093023255814,8
8520.0,215,0.21560580435867616,183,29.86111111111111,23.72093023255814,8
8544.0,215,0.21462673577656588,183,29.86111111111111,23.72093023255814,8
8568.0,215,0.21489783541232618,183,29.86111111111111,23.72093023255814,8
8592.0,215,0.21498782527248886,183,29.86111111111111,23.72093023255814,8
8616.0,215,0.21531260702132046,183,29.86111111111111,23.72093023255814,8
8640.0,215,0.21438598425131797,183,29.86111111111111,23.72093023255814,8
8664.0,215,0.21491806986831746,183,29.86111111111111,23.72093023255814,8
8688.0,215,0.2129517125871383,183,29.86111111111111,23.72093023255814,8
8712.0,215,0.21410380088703151,183,29.86111111111111,23.72093023255814,8
8736.0,215,0.21485720859481658,183,29.86111111111111,23.72093023255814,8
8760.0,215,0.21417074259293822,183,29.86111111111111,23.72093023255814,8
8784.0,215,0.2146747773703245,183,29.86111111111111,23.72093023255814,8
8808.0,215,0.21595484546795538,183,29.86111111111111,23.72093023255814,8
8832.0,215,0.2151212195367255,183,29.86111111111111,23.72093023255814,8
8856.0,215,0.21535806891063208,183,29.86111111111111,23.72093023255814,8
8880.0,215,0.21539472381624133,183,29.86111111111111,23.72093023255814,8
8904.0,215,0.21449324459120778,183,29.86111111111111,23.72093023255814,8
8928.0,215,0.2150581502132286,183,29.86111111111111,23.72093023255814,8
8952.0,215,0.21472001758585849,183,29.86111111111111,23.72093023255814,8
8976.0,215,0.215536653016026,183,29.86111111111111,23.72093023255814,8
9000.0,215,0.21517505754274943,183,29.86111111111111,23.72093023255814,8
9024.0,215,0.21504688596113475,183,29.86111111111111,23.72093023255814,8
9048.0,215,0.21441184277402867,183,29.86111111111111,23.72093023255814,8
9072.0,215,0.2154519727780825,183,29.86111111111111,23.72093023255814,8
9096.0,215,0.21484459001242268,183,29.86111111111111,23.72093023255814,8
9120.0,215,0.21506988172428562,183,29.86111111111111,23.72093023255814,8
9144.0,215,0.2158442051891165,183,29.86111111111111,23.72093023255814,8
9168.0,215,0.21432019840290623,183,29.86111111111111,23.72093023255814,8
9192.0,215,0.21378172784127095,183,29.86111111111111,23.72093023255814,8
9216.0,215,0.2150748716441029,183,29.86111111111111,23.72093023255814,8
9240.0,215,0.21611245426008957,183,29.86111111111111,23.72093023255814,8
9264.0,215,0.2163702490034859,183,29.86111111111111,23.72093023255814,8
9288.0,215,0.21369150069641166,183,29.86111111111111,23.72093023255814,8
9312.0,215,0.21446372833131153,183,29.86111111111111,23.72093023255814,8
9336.0,215,0.21391118154047278,183,29.86111111111111,23.72093023255814,8
9360.0,215,0.21551277143970454,183,29.86111111111111,23.72093023255814,8
9384.0,215,0.2137915562454106,183,29.86111111111111,23.72093023255814,8
9408.0,215,0.21551027857130936,183,29.86111111111111,23.72093023255814,8
9432.0,215,0.2154827965911949,183,29.86111111111111,23.72093023255814,8
9456.0,215,0.21528673665445736,183,29.86111111111111,23.72093023255814,8
9480.0,215,0.2150226780639559,183,29.86111111111111,23.72093023255814,8
9504.0,215,0.21421709187948718,183,29.86111111111111,23.72093023255814,8
9528.0,215,0.21628097651550765,183,29.86111111111111,23.72093023255814,8
9552.0,215,0.21609619382741008,183,29.86111111111111,23.72093023255814,8
9576.0,215,0.2140645799203583,183,29.86111111111111,23.72093023255814,8
9600.0,215,0.21425332955757856,183,29.86111111111111,23.72093023255814,8
9624.0,215,0.21570190972861114,183,29.86111111111111,23.72093023255814,8
9648.0,215,0.21546097823509153,183,29.86111111111111,23.72093023255814,8
9672.0,215,0.21538990969804675,183,29.86111111111111,23.72093023255814,8
9696.0,215,0.21512463458233247,183,29.86111111111111,23.72093023255814,8
9720.0,215,0.21476174144299773,183,29.86111111111111,23.72093023255814,8
9744.0,215,0.2153377920969266,183,29.86111111111111,23.72093023255814,8
9768.0,215,0.21577855801988086,183,29.86111111111111,23.72093023255814,8
9792.0,215,0.21402183666344746,183,29.86111111111111,23.72093023255814,8
9816.0,215,0.21498650581598533,183,29.86111111111111,23.72093023255814,8
9840.0,215,0.21419853758662824,183,29.86111111111111,23.72093023255814,8
9864.0,215,0.21478581946689454,183,29.86111111111111,23.72093023255814,8
9888.0,215,0.21451872113694134,183,29.86111111111111,23.72093023255814,8
9912.0,215,0.21456281046397122,183,29.86111111111111,23.72093023255814,8
9936.0,215,0.21532926628216104,183,29.86111111111111,23.72093023255814,8
9960.0,215,0.21486263292136185,183,29.86111111111111,23.72093023255814,8
9984.0,215,0.21416791516586114,183,29.86111111111111,23.72093023255814,8
10008.0,215,0.21484888388682524,183,29.86111111111111,23.72093023255814,8
10032.0,215,0.21642199117304486,183,29.86111111111111,23.72093023255814,8
10056.0,215,0.21467886819416557,183,29.86111111111111,23.72093023255814,8
10080.0,215,0.21511702783849812,183,29.86111111111111,23.72093023255814,8
10104.0,215,0.21533602562366094,183,29.86111111111111,23.72093023255814,8
10128.0,215,0.21278224306541918,183,29.86111111111111,23.72093023255814,8
10152.0,215,0.21610719218763386,183,29.86111111111111,23.72093023255814,8
10176.0,215,0.21524472267105377,183,29.86111111111111,23.72093023255814,8
10200.0,215,0.2158405694456515,183,29.86111111111111,23.72093023255814,8
10224.0,215,0.21632322252330322,183,29.86111111111111,23.72093023255814,8
10248.0,215,0.21510843606048663,183,29.86111111111111,23.72093023255814,8
10272.0,215,0.2146728557087979,183,29.86111111111111,23.72093023255814,8
10296.0,215,0.21502217092639625,183,29.86111111111111,23.72093023255814,8
10320.0,215,0.21411804905774473,183,29.86111111111111,23.72093023255814,8
10344.0,215,0.21437746694859344,183,29.86111111111111,23.72093023255814,8
10368.0,215,0.2155782934660318,183,29.86111111111111,23.72093023255814,8
10392.0,215,0.2160219840700132,183,29.86111111111111,23.72093023255814,8
10416.0,215,0.21558795433285244,183,29.86111111111111,23.72093023255814,8
10440.0,215,0.2155424027983648,183,29.86111111111111,23.72093023255814,8
10464.0,215,0.21438333949865604,183,29.86111111111111,23.72093023255814,8
10488.0,215,0.2152205712013273,183,29.86111111111111,23.72093023255814,8
10512.0,215,0.21506686422875726,183,29.86111111111111,23.72093023255814,8
10536.0,215,0.21458079629565696,183,29.86111111111111,23.72093023255814,8
10560.0,215,0.21654687898498381,183,29.86111111111111,23.72093023255814,8
10584.0,215,0.21472842378993626,183,29.86111111111111,23.72093023255814,8
10608.0,215,0.21553179977953657,183,29.86111111111111,23.72093023255814,8
10632.0,215,0.2148324794214873,183,29.86111111111111,23.72093023255814,8
10656.0,215,0.21534658072399576,183,29.86111111111111,23.72093023255814,8
10680.0,215,0.21432163910978774,183,29.86111111111111,23.72093023255814,8
10704.0,215,0.214268524383388,183,29.86111111111111,23.72093023255814,8
10728.0,215,0.2144228559511002,183,29.86111111111111,23.72093023255814,8
10752.0,215,0.21480484004642658,183,29.86111111111111,23.72093023255814,8
10776.0,215,0.21543605252242273,183,29.86111111111111,23.72093023255814,8
10800.0,215,0.21437609498781085,183,29.86111111111111,23.72093023255814,8
10824.0,215,0.21450095794639087,183,29.86111111111111,23.72093023255814,8
10848.0,215,0.21524242114125658,183,29.86111111111111,23.72093023255814,8
10872.0,215,0.21621121701781412,183,29.86111111111111,23.72093023255814,8
10896.0,215,0.21407180430254583,183,29.86111111111111,23.72093023255814,8
10920.0,215,0.21561300468349628,183,29.86111111111111,23.72093023255814,8
10944.0,215,0.21472080000769606,183,29.86111111111111,23.72093023255814,8
10968.0,215,0.21677903040560578,183,29.86111111111111,23.72093023255814,8
10992.0,215,0.21467839762679217,183,29.86111111111111,23.72093023255814,8
11016.0,215,0.21382998438223502,183,29.86111111111111,23.72093023255814,8
11040.0,215,0.2158536218570767,183,29.86111111111111,23.72093023255814,8
11064.0,215,0.21288304936314742,183,29.86111111111111,23.72093023255814,8
11088.0,215,0.21508681367326973,183,29.86111111111111,23.72093023255814,8
11112.0,215,0.2155013670119219,183,29.86111111111111,23.72093023255814,8
11136.0,215,0.21472660397420745,183,29.86111111111111,23.72093023255814,8
11160.0,215,0.21536641383060487,183,29.86111111111111,23.72093023255814,8
11184.0,215,0.21416569655091242,183,29.86111111111111,23.72093023255814,8
11208.0,215,0.21500499066036058,183,29.86111111111111,23.72093023255814,8
11232.0,215,0.21372810947143567,183,29.86111111111111,23.72093023255814,8
11256.0,215,0.2127345520984584,183,29.86111111111111,23.72093023255814,8
11280.0,215,0.21414369952786552,183,29.86111111111111,23.72093023255814,8
11304.0,215,0.2155579650880211,183,29.86111111111111,23.72093023255814,8
11328.0,215,0.21564607234523497,183,29.86111111111111,23.72093023255814,8
11352.0,215,0.21535053972869758,183,29.86111111111111,23.72093023255814,8
11376.0,215,0.21583606480766848,183,29.86111111111111,23.72093023255814,8
11400.0,215,0.21491578019420227,183,29.86111111111111,23.72093023255814,8
11424.0,215,0.2146872730909025,183,29.86111111111111,23.72093023255814,8
11448.0,215,0.2161054051170337,183,29.86111111111111,23.72093023255814,8
11472.0,215,0.21562407609841452,183,29.86111111111111,23.72093023255814,8
11496.0,215,0.21536313438764149,183,29.86111111111111,23.72093023255814,8
11520.0,215,0.21512110589096387,183,29.86111111111111,23.72093023255814,8
11544.0,215,0.21581672829571594,183,29.86111111111111,23.72093023255814,8
11568.0,215,0.21471172259213853,183,29.86111111111111,23.72093023255814,8
11592.0,215,0.21572150286536043,183,29.86111111111111,23.72093023255814,8
11616.0,215,0.2159081186727025,183,29.86111111111111,23.72093023255814,8
11640.0,215,0.21372647056898686,167,29.86111111111111,23.72093023255814,8
11664.0,215,0.2144160186872238,167,29.86111111111111,23.72093023255814,8
11688.0,215,0.21552149141484145,167,29.86111111111111,23.72093023255814,8
11712.0,215,0.21377592366923417,167,29.86111111111111,23.72093023255814,8
11736.0,215,0.21503014461046982,167,29.86111111111111,23.72093023255814,8
11760.0,215,0.2136912362870237,167,29.86111111111111,23.72093023255814,8
11784.0,215,0.21431448849454227,167,29.86111111111111,23.72093023255814,8
11808.0,215,0.21455230099021713,167,29.86111111111111,23.72093023255814,8
11832.0,215,0.21590649413229085,167,29.86111111111111,23.72093023255814,8
11856.0,215,0.21511557186408373,167,29.86111111111111,23.72093023255814,8
11880.0,215,0.21417051105130125,167,29.86111111111111,23.72093023255814,8
11904.0,215,0.21515416392237754,167,29.86111111111111,23.72093023255814,8
11928.0,215,0.21488797458940034,167,29.86111111111111,23.72093023255814,8
11952.0,215,0.2155846871384855,167,29.86111111111111,23.72093023255814,8
11976.0,215,0.21604839147327173,167,29.86111111111111,23.72093023255814,8
12000.0,215,0.2146773950678318,167,29.86111111111111,23.72093023255814,8
12024.0,215,0.21581071665465978,167,29.86111111111111,23.72093023255814,8
12048.0,215,0.21409430031087515,163,29.86111111111111,23.72093023255814,8
12072.0,215,0.21305989673770306,163,29.86111111111111,23.72093023255814,8
12096.0,215,0.21445930824538306,163,29.86111111111111,23.72093023255814,8
12120.0,215,0.2147741729076997,163,29.86111111111111,23.72093023255814,8
12144.0,215,0.21450822250795562,163,29.86111111111111,23.72093023255814,8
12168.0,215,0.21440329071447983,161,29.86111111111111,23.72093023255814,8
12192.0,215,0.2143398420103056,161,29.86111111111111,23.72093023255814,8
12216.0,215,0.21476305039921562,161,29.86111111111111,23.72093023255814,8
12240.0,215,0.21547543960336177,161,29.86111111111111,23.72093023255814,8
12264.0,215,0.2151730778811055,161,29.86111111111111,23.72093023255814,8
12288.0,215,0.21456786880560064,159,29.86111111111111,23.72093023255814,8
12312.0,215,0.21494107583279493,161,29.86111111111111,23.72093023255814,8
12336.0,215,0.21461971425316612,121,29.86111111111111,23.72093023255814,8
12360.0,215,0.21400560651876205,117,29.86111111111111,23.72093023255814,8
12384.0,215,0.21422655714713984,117,29.86111111111111,23.72093023255814,8
12408.0,215,0.2157406795271087,114,29.86111111111111,23.72093023255814,8
12432.0,215,0.2155037192649241,110,29.86111111111111,23.72093023255814,8
12456.0,215,0.21434963260285803,102,29.86111111111111,23.72093023255814,8
12480.0,215,0.21317367236353962,102,29.86111111111111,23.72093023255814,8
12504.0,215,0.21458816907451478,102,29.86111111111111,23.72093023255814,8
12528.0,215,0.21578439061172888,98,29.86111111111111,23.72093023255814,8
12552.0,215,0.21547100518725146,98,29.86111111111111,23.72093023255814,8
12576.0,215,0.21470597677766196,98,29.86111111111111,23.72093023255814,8
12600.0,215,0.21581224789882786,100,29.86111111111111,23.72093023255814,8
12624.0,215,0.21460530126779928,100,29.86111111111111,23.72093023255814,8
12648.0,215,0.21463655187621106,98,29.86111111111111,23.72093023255814,8
12672.0,215,0.214423526080594,98,29.86111111111111,23.72093023255814,8
12696.0,215,0.21672975838336964,98,29.86111111111111,23.72093023255814,8
12720.0,215,0.21564169012711673,102,29.86111111111111,23.72093023255814,8
12744.0,215,0.21543620315365686,102,29.86111111111111,23.72093023255814,8
12768.0,215,0.21491132314899036,102,29.86111111111111,23.72093023255814,8
12792.0,215,0.21558542351470744,106,29.86111111111111,23.72093023255814,8
12816.0,215,0.2151250626494983,106,29.86111111111111,23.72093023255814,8
12840.0,215,0.2153309108560537,106,29.86111111111111,23.72093023255814,8
12864.0,215,0.215179560793518,106,29.86111111111111,23.72093023255814,8
12888.0,215,0.21498658245549654,110,29.86111111111111,23.72093023255814,8
12912.0,215,0.21464868409490764,110,29.86111111111111,23.72093023255814,8
12936.0,215,0.21432741402106753,110,29.86111111111111,23.72093023255814,8
12960.0,215,0.21606458104707518,110,29.86111111111111,23.72093023255814,8
12984.0,215,0.21496448338149024,112,29.86111111111111,23.72093023255814,8
13008.0,215,0.21451693314919587,112,29.86111111111111,23.72093023255814,8
13032.0,215,0.21376712347457172,96,29.86111111111111,23.72093023255814,8
13056.0,215,0.21531213270798527,96,29.86111111111111,23.72093023255814,8
13080.0,215,0.21432917517023492,96,29.86111111111111,23.72093023255814,8
13104.0,215,0.21487814513655815,96,29.86111111111111,23.72093023255814,8
13128.0,215,0.2148296503870717,96,29.86111111111111,23.72093023255814,8
13152.0,215,0.21502741814886064,96,29.86111111111111,23.72093023255814,8
13176.0,215,0.21295964617667829,96,29.86111111111111,23.72093023255814,8
13200.0,215,0.2166409825768177,100,29.86111111111111,23.72093023255814,8
13224.0,215,0.21428953191330294,100,29.86111111111111,23.72093023255814,8
13248.0,215,0.21407695485732395,100,29.86111111111111,23.72093023255814,8
13272.0,215,0.21510216388037956,100,29.86111111111111,23.72093023255814,8
13296.0,215,0.2139046460364485,100,29.86111111111111,23.72093023255814,8
13320.0,215,0.21447162976936748,100,29.86111111111111,23.72093023255814,8
13344.0,215,0.21495856946611525,100,29.86111111111111,23.72093023255814,8
13368.0,215,0.2156436950584802,100,29.86111111111111,23.72093023255814,8
13392.0,215,0.2153961623031705,100,29.86111111111111,23.72093023255814,8
13416.0,215,0.2150289369137346,100,29.86111111111111,23.72093023255814,8
13440.0,215,0.21388947885227275,100,29.86111111111111,23.72093023255814,8
13464.0,215,0.21566309371883413,100,29.86111111111111,23.72093023255814,8
13488.0,215,0.21544650357492667,100,29.86111111111111,23.72093023255814,8
13512.0,215,0.21543061343388464,100,29.86111111111111,23.72093023255814,8
13536.0,215,0.2142556728616229,100,29.86111111111111,23.72093023255814,8
13560.0,215,0.2149267582644748,100,29.86111111111111,23.72093023255814,8
13584.0,215,0.2133884336692379,100,29.86111111111111,23.72093023255814,8
13608.0,215,0.21536877400629123,100,29.86111111111111,23.72093023255814,8
13632.0,215,0.21448358194989756,100,29.86111111111111,23.72093023255814,8
13656.0,215,0.21412840783779846,100,29.86111111111111,23.72093023255814,8
13680.0,215,0.21458577141254384,100,29.86111111111111,23.72093023255814,8
13704.0,215,0.21456019422035696,100,29.86111111111111,23.72093023255814,8
13728.0,215,0.21486413120645353,100,29.86111111111111,23.72093023255814,8
13752.0,215,0.2153941353427765,100,29.86111111111111,23.72093023255814,8
13776.0,215,0.2152859318506552,100,29.86111111111111,23.72093023255814,8
13800.0,215,0.21376435626512874,100,29.86111111111111,23.72093023255814,8
13824.0,215,0.21537532846610666,100,29.86111111111111,23.72093023255814,8
13848.0,215,0.215759155882907,100,29.86111111111111,23.72093023255814,8
13872.0,215,0.2147556148905502,100,29.86111111111111,23.72093023255814,8
13896.0,215,0.21520667151962516,100,29.86111111111111,23.72093023255814,8
13920.0,215,0.2154935632743931,100,29.86111111111111,23.72093023255814,8
13944.0,215,0.21513535086901558,100,29.86111111111111,23.72093023255814,8
13968.0,215,0.21543704333658276,100,29.86111111111111,23.72093023255814,8
13992.0,215,0.2149626347719035,100,29.86111111111111,23.72093023255814,8
14016.0,215,0.21488314961279634,100,29.86111111111111,23.72093023255814,8
14040.0,215,0.21575119731674197,100,29.86111111111111,23.72093023255814,8
14064.0,215,0.2149994286588465,100,29.86111111111111,23.72093023255814,8
14088.0,215,0.214183559567933,100,29.86111111111111,23.72093023255814,8
14112.0,215,0.21468128784939997,100,29.86111111111111,23.72093023255814,8
14136.0,215,0.21508943910859657,100,29.86111111111111,23.72093023255814,8
14160.0,215,0.21439345769671486,100,29.86111111111111,23.72093023255814,8
14184.0,215,0.21435398010359333,100,29.86111111111111,23.72093023255814,8
14208.0,215,0.21611015087634858,100,29.86111111111111,23.72093023255814,8
14232.0,215,0.21367556112331415,100,29.86111111111111,23.72093023255814,8
14256.0,215,0.21466402585763378,100,29.86111111111111,23.72093023255814,8
14280.0,215,0.21488674800706276,100,29.86111111111111,23.72093023255814,8
14304.0,215,0.21539771297949237,100,29.86111111111111,23.72093023255814,8
14328.0,215,0.21391533822376663,100,29.86111111111111,23.72093023255814,8
14352.0,215,0.2154618906368887,100,29.86111111111111,23.72093023255814,8
14376.0,215,0.21366796412885444,100,29.86111111111111,23.72093023255814,8
14400.0,215,0.21483512740112232,100,29.86111111111111,23.72093023255814,8
14424.0,215,0.21310845459286906,100,29.86111111111111,23.72093023255814,8
14448.0,215,0.214348029286127,100,29.86111111111111,23.72093023255814,8
14472.0,215,0.21483495006119188,100,29.86111111111111,23.72093023255814,8
14496.0,215,0.21422109572103598,100,29.86111111111111,23.72093023255814,8
14520.0,215,0.21586524022071205,100,29.86111111111111,23.72093023255814,8
14544.0,215,0.21437315445074623,100,29.86111111111111,23.72093023255814,8
14568.0,215,0.21669576044458622,100,29.86111111111111,23.72093023255814,8
14592.0,215,0.21456035115488412,100,29.86111111111111,23.72093023255814,8
14616.0,215,0.21539418576304356,100,29.86111111111111,23.72093023255814,8
14640.0,215,0.2157332818644199,100,29.86111111111111,23.72093023255814,8
14664.0,215,0.21463391720477953,100,29.86111111111111,23.72093023255814,8
14688.0,215,0.2151502060878461,100,29.86111111111111,23.72093023255814,8
14712.0,215,0.21426847474933503,100,29.86111111111111,23.72093023255814,8
14736.0,215,0.21661285559363028,100,29.86111111111111,23.72093023255814,8
14760.0,215,0.214852033895325,100,29.86111111111111,23.72093023255814,8
14784.0,215,0.21355026953485817,100,29.86111111111111,23.72093023255814,8
14808.0,215,0.21471202847666032,100,29.86111111111111,23.72093023255814,8
14832.0,215,0.21437219470774982,100,29.86111111111111,23.72093023255814,8
14856.0,215,0.21500809050461064,100,29.86111111111111,23.72093023255814,8
14880.0,215,0.21581039456789913,100,29.86111111111111,23.72093023255814,8
14904.0,215,0.21512009919975963,100,29.86111111111111,23.72093023255814,8
14928.0,215,0.21616998023496692,100,29.86111111111111,23.72093023255814,8
14952.0,215,0.21414753853830648,100,29.86111111111111,23.72093023255814,8
14976.0,215,0.21507282941837919,100,29.86111111111111,23.72093023255814,8
15000.0,215,0.21508279122195226,100,29.86111111111111,23.72093023255814,8
15024.0,215,0.2129020798725425,100,29.86111111111111,23.72093023255814,8
15048.0,215,0.21536244610249697,100,29.86111111111111,23.72093023255814,8
15072.0,215,0.21489255574958196,100,29.86111111111111,23.72093023255814,8
15096.0,215,0.21510927377511105,100,29.86111111111111,23.72093023255814,8
15120.0,215,0.21604775234242551,100,29.86111111111111,23.72093023255814,8
15144.0,215,0.21493146846580138,100,29.86111111111111,23.72093023255814,8
15168.0,215,0.21391662680930795,100,29.86111111111111,23.72093023255814,8
15192.0,215,0.21463292852275956,100,29.86111111111111,23.72093023255814,8
15216.0,215,0.21519939660109716,100,29.86111111111111,23.72093023255814,8
15240.0,215,0.21582719761598154,100,29.86111111111111,23.72093023255814,8
15264.0,215,0.21522963038941717,100,29.86111111111111,23.72093023255814,8
15288.0,215,0.2156887959981681,96,29.86111111111111,23.72093023255814,8
15312.0,215,0.21581609043866765,96,29.86111111111111,23.72093023255814,8
15336.0,215,0.2147356242252364,96,29.86111111111111,23.72093023255814,8
15360.0,215,0.2156012127985259,96,29.86111111111111,23.72093023255814,8
15384.0,215,0.2154840483437802,94,29.86111111111111,23.72093023255814,8
15408.0,215,0.21412855924896437,90,29.86111111111111,23.72093023255814,8
15432.0,215,0.21472395615560608,90,29.86111111111111,23.72093023255814,8
15456.0,215,0.21553727586517166,88,29.86111111111111,23.72093023255814,8
15480.0,215,0.21391507048544592,86,29.86111111111111,23.72093023255814,8
15504.0,215,0.21483348907819813,84,29.86111111111111,23.72093023255814,8
15528.0,215,0.2153134852261989,84,29.86111111111111,23.72093023255814,8
15552.0,215,0.21472219685249694,84,29.86111111111111,23.72093023255814,8
15576.0,215,0.2150726207963177,84,29.86111111111111,23.72093023255814,8
15600.0,215,0.2148961987218297,84,29.86111111111111,23.72093023255814,8
15624.0,215,0.21459658351674393,84,29.86111111111111,23.72093023255814,8
15648.0,215,0.2153440161275013,84,29.86111111111111,23.72093023255814,8
15672.0,215,0.2141415175373174,82,29.86111111111111,23.72093023255814,8
15696.0,215,0.2138818954818883,80,29.86111111111111,23.72093023255814,8
15720.0,215,0.21496846417293847,80,29.86111111111111,23.72093023255814,8
15744.0,215,0.21532029053975948,80,29.86111111111111,23.72093023255814,8
15768.0,215,0.21404321287739206,80,29.86111111111111,23.72093023255814,8
15792.0,215,0.21564843413892254,80,29.86111111111111,23.72093023255814,8
15816.0,215,0.215713386163644,80,29.86111111111111,23.72093023255814,8
15840.0,215,0.2148153907643519,80,29.86111111111111,23.72093023255814,8
15864.0,215,0.21484902820576954,76,29.86111111111111,23.72093023255814,8
15888.0,215,0.21468706783278305,76,29.86111111111111,23.72093023255814,8
15912.0,215,0.21537430326269338,76,29.86111111111111,23.72093023255814,8
15936.0,215,0.21487678303756388,76,29.86111111111111,23.72093023255814,8
15960.0,215,0.21481937030077872,76,29.86111111111111,23.72093023255814,8
15984.0,215,0.2162263370997997,76,29.86111111111111,23.72093023255814,8
16008.0,215,0.21446071050080376,76,29.86111111111111,23.72093023255814,8
16032.0,215,0.21384284001412998,76,29.86111111111111,23.72093023255814,8
16056.0,215,0.21502907887893527,92,29.86111111111111,23.72093023255814,8
16080.0,215,0.21477044520875363,92,29.86111111111111,23.72093023255814,8
16104.0,215,0.2149404687804161,92,29.86111111111111,23.72093023255814,8
16128.0,215,0.2154043143422497,92,29.86111111111111,23.72093023255814,8
16152.0,215,0.21469764275970923,92,29.86111111111111,23.72093023255814,8
16176.0,215,0.21622678054560107,92,29.86111111111111,23.72093023255814,8
16200.0,215,0.21494444154328254,92,29.86111111111111,23.72093023255814,8
16224.0,215,0.21483141483280155,92,29.86111111111111,23.72093023255814,8
16248.0,215,0.21565506880190605,92,29.86111111111111,23.72093023255814,8
16272.0,215,0.21427224917447468,92,29.86111111111111,23.72093023255814,8
16296.0,215,0.21440269131741813,92,29.86111111111111,23.72093023255814,8
16320.0,215,0.2150587828813088,92,29.86111111111111,23.72093023255814,8
16344.0,215,0.2148603955145362,92,29.86111111111111,23.72093023255814,8
16368.0,215,0.21380205881755773,92,29.86111111111111,23.72093023255814,8
16392.0,215,0.2143344925000968,96,29.86111111111111,23.72093023255814,8
16416.0,215,0.21431549389617666,96,29.86111111111111,23.72093023255814,8
16440.0,215,0.2156562014477251,96,29.86111111111111,23.72093023255814,8
16464.0,215,0.21410538011866495,96,29.86111111111111,23.72093023255814,8
16488.0,215,0.21369994028689407,96,29.86111111111111,23.72093023255814,8
16512.0,215,0.21467634979119485,96,29.86111111111111,23.72093023255814,8
16536.0,215,0.2156801915145832,96,29.86111111111111,23.72093023255814,8
16560.0,215,0.21455888623061573,99,29.86111111111111,23.72093023255814,8
16584.0,215,0.21617577330421267,113,29.86111111111111,23.72093023255814,8
16608.0,215,0.21457680042427874,115,29.86111111111111,23.72093023255814,8
16632.0,215,0.214674881163237,114,29.86111111111111,23.72093023255814,8
16656.0,215,0.21429489724550957,114,29.86111111111111,23.72093023255814,8
16680.0,215,0.21556172253705236,114,29.86111111111111,23.72093023255814,8
16704.0,215,0.21381898034469465,114,29.86111111111111,23.72093023255814,8
16728.0,215,0.21534384662828449,114,29.86111111111111,23.72093023255814,8
16752.0,215,0.2145867857725929,148,29.86111111111111,23.72093023255814,8
16776.0,215,0.21489247373143344,150,29.86111111111111,23.72093023255814,8
16800.0,215,0.21584522455070007,152,29.86111111111111,23.72093023255814,8
16824.0,215,0.21458584373436707,152,29.86111111111111,23.72093023255814,8
16848.0,215,0.2154829728071961,152,29.86111111111111,23.72093023255814,8
16872.0,215,0.2157876780705227,164,29.86111111111111,23.72093023255814,8
16896.0,215,0.2158769347861823,164,29.86111111111111,23.72093023255814,8
16920.0,215,0.21367536529489609,167,29.86111111111111,23.72093023255814,8
16944.0,215,0.21618857366381733,167,29.86111111111111,23.72093023255814,8
16968.0,215,0.21398599969508814,167,29.86111111111111,23.72093023255814,8
16992.0,215,0.2138400274554165,167,29.86111111111111,23.72093023255814,8
17016.0,215,0.2139450745860777,167,29.86111111111111,23.72093023255814,8
17040.0,215,0.2146748706694114,167,29.86111111111111,23.72093023255814,8
17064.0,215,0.21563310241966838,167,29.86111111111111,23.72093023255814,8
17088.0,215,0.21605718941855262,167,29.86111111111111,23.72093023255814,8
17112.0,215,0.21599203333813438,167,29.86111111111111,23.72093023255814,8
17136.0,215,0.21498016616726462,167,29.86111111111111,23.72093023255814,8
17160.0,215,0.21421611449568673,167,29.86111111111111,23.72093023255814,8
17184.0,215,0.21480276044604787,167,29.86111111111111,23.72093023255814,8
17208.0,215,0.2143869169676105,167,29.86111111111111,23.72093023255814,8
17232.0,215,0.21433862344825852,167,29.86111111111111,23.72093023255814,8
17256.0,215,0.2156520007479675,167,29.86111111111111,23.72093023255814,8
17280.0,215,0.21579025689766834,167,29.86111111111111,23.72093023255814,8
17304.0,215,0.21553766111454326,167,29.86111111111111,23.72093023255814,8
17328.0,215,0.21470494010470556,167,29.86111111111111,23.72093023255814,8
17352.0,215,0.21333380381342404,167,29.86111111111111,23.72093023255814,8
17376.0,215,0.21561845958869177,167,29.86111111111111,23.72093023255814,8
17400.0,215,0.21492580606305642,167,29.86111111111111,23.72093023255814,8
17424.0,215,0.21503170739029678,167,29.86111111111111,23.72093023255814,8
17448.0,215,0.2157862476246393,183,29.86111111111111,23.72093023255814,8
17472.0,215,0.21411561355620093,183,29.86111111111111,23.72093023255814,8
17496.0,215,0.21475803483152525,183,29.86111111111111,23.72093023255814,8
17520.0,215,0.21552662472173878,183,29.86111111111111,23.72093023255814,8
17544.0,215,0.21542260924706502,183,29.86111111111111,23.72093023255814,8
17568.0,215,0.21537840140738843,183,29.86111111111111,23.72093023255814,8
17592.0,215,0.2149554123856722,183,29.86111111111111,23.72093023255814,8
17616.0,215,0.2143761828834823,183,29.86111111111111,23.72093023255814,8
17640.0,215,0.216016686431267,183,29.86111111111111,23.72093023255814,8
17664.0,215,0.21482691884217542,183,29.86111111111111,23.72093023255814,8
17688.0,215,0.21483051694523414,183,29.86111111111111,23.72093023255814,8
17712.0,215,0.21592587214644512,183,29.86111111111111,23.72093023255814,8
17736.0,215,0.2152171016384847,183,29.86111111111111,23.72093023255814,8
17760.0,215,0.21542415167082302,183,29.86111111111111,23.72093023255814,8
17784.0,215,0.21626255731944122,183,29.86111111111111,23.72093023255814,8
17808.0,215,0.21382867219670687,183,29.86111111111111,23.72093023255814,8
17832.0,215,0.2140947910790676,183,29.86111111111111,23.72093023255814,8
17856.0,215,0.21567847357940587,183,29.86111111111111,23.72093023255814,8
17880.0,215,0.21440172750363556,183,29.86111111111111,23.72093023255814,8
17904.0,215,0.21531925326423912,183,29.86111111111111,23.72093023255814,8
17928.0,215,0.2153153901107251,183,29.86111111111111,23.72093023255814,8
17952.0,215,0.21509964440716423,183,29.86111111111111,23.72093023255814,8
17976.0,215,0.2154402844582161,183,29.86111111111111,23.72093023255814,8
18000.0,215,0.21571330189103935,183,29.86111111111111,23.72093023255814,8
18024.0,215,0.21453144996352522,183,29.86111111111111,23.72093023255814,8
18048.0,215,0.21497909533058535,183,29.86111111111111,23.72093023255814,8
18072.0,215,0.2141528933321452,183,29.86111111111111,23.72093023255814,8
18096.0,215,0.2146409550066518,183,29.86111111111111,23.72093023255814,8
18120.0,215,0.21403628826260235,183,29.86111111111111,23.72093023255814,8
18144.0,215,0.21406444778923145,183,29.86111111111111,23.72093023255814,8
18168.0,215,0.21383775410471523,183,29.86111111111111,23.72093023255814,8
18192.0,215,0.21525030728410094,183,29.86111111111111,23.72093023255814,8
18216.0,215,0.21723614178432157,183,29.86111111111111,23.72093023255814,8
18240.0,215,0.21492256885514766,183,29.86111111111111,23.72093023255814,8
18264.0,215,0.2154309712881313,183,29.86111111111111,23.72093023255814,8
18288.0,215,0.21553266533047793,183,29.86111111111111,23.72093023255814,8
18312.0,215,0.21591744682421737,183,29.86111111111111,23.72093023255814,8
18336.0,215,0.2137993596506619,183,29.86111111111111,23.72093023255814,8
18360.0,215,0.215134339786276,183,29.86111111111111,23.72093023255814,8
18384.0,215,0.21380678049041799,183,29.86111111111111,23.72093023255814,8
18408.0,215,0.2136750247775632,183,29.86111111111111,23.72093023255814,8
18432.0,215,0.21458092059497866,183,29.86111111111111,23.72093023255814,8
18456.0,215,0.21323768951595795,183,29.86111111111111,23.72093023255814,8
18480.0,215,0.2137040497480565,183,29.86111111111111,23.72093023255814,8
18504.0,215,0.21543443713792793,183,29.86111111111111,23.72093023255814,8
18528.0,215,0.21613499413859863,183,29.86111111111111,23.72093023255814,8
18552.0,215,0.21569338596588367,183,29.86111111111111,23.72093023255814,8
18576.0,215,0.21347265753145075,183,29.86111111111111,23.72093023255814,8
18600.0,215,0.21458318124118717,183,29.86111111111111,23.72093023255814,8
18624.0,215,0.21548028324878724,183,29.86111111111111,23.72093023255814,8
18648.0,215,0.21472996115756277,183,29.86111111111111,23.72093023255814,8
18672.0,215,0.21497864624994767,183,29.86111111111111,23.72093023255814,8
18696.0,215,0.2142898182083254,183,29.86111111111111,23.72093023255814,8
18720.0,215,0.21603916145593574,183,29.86111111111111,23.72093023255814,8
18744.0,215,0.21477642194114255,183,29.86111111111111,23.72093023255814,8
18768.0,215,0.21446962409435782,183,29.86111111111111,23.72093023255814,8
18792.0,215,0.2138791916594378,183,29.86111111111111,23.72093023255814,8
18816.0,215,0.21489498403582752,183,29.86111111111111,23.72093023255814,8
18840.0,215,0.21466612323897874,183,29.86111111111111,23.72093023255814,8
18864.0,215,0.2157983833786008,183,29.86111111111111,23.72093023255814,8
18888.0,215,0.21330156160453584,183,29.86111111111111,23.72093023255814,8
18912.0,215,0.2155387660770747,183,29.86111111111111,23.72093023255814,8
18936.0,215,0.2153742226788868,183,29.86111111111111,23.72093023255814,8
18960.0,215,0.21456299788633923,183,29.86111111111111,23.72093023255814,8
18984.0,215,0.21394898076090396,183,29.86111111111111,23.72093023255814,8
19008.0,215,0.21459864438308918,183,29.86111111111111,23.72093023255814,8
19032.0,215,0.21382270785669827,183,29.86111111111111,23.72093023255814,8
19056.0,215,0.2147764615741893,183,29.86111111111111,23.72093023255814,8
19080.0,215,0.21359581743290418,183,29.86111111111111,23.72093023255814,8
19104.0,215,0.21476409890925588,183,29.86111111111111,23.72093023255814,8
19128.0,215,0.21503878541958957,183,29.86111111111111,23.72093023255814,8
19152.0,215,0.2141674035620115,183,29.86111111111111,23.72093023255814,8
19176.0,215,0.21458112810140023,183,29.86111111111111,23.72093023255814,8
19200.0,215,0.2154282087652715,183,29.86111111111111,23.72093023255814,8
19224.0,215,0.21349537858855575,183,29.86111111111111,23.72093023255814,8
19248.0,215,0.21543612002207105,183,29.86111111111111,23.72093023255814,8
19272.0,215,0.21536942038292384,183,29.86111111111111,23.72093023255814,8
19296.0,215,0.21539103917541882,183,29.86111111111111,23.72093023255814,8
19320.0,215,0.21461230990406732,183,29.86111111111111,23.72093023255814,8
19344.0,215,0.21608363742591957,183,29.86111111111111,23.72093023255814,8
19368.0,215,0.2152328728629501,183,29.86111111111111,23.72093023255814,8
19392.0,215,0.21569859100111483,183,29.86111111111111,23.72093023255814,8
19416.0,215,0.21407773277073644,183,29.86111111111111,23.72093023255814,8
19440.0,215,0.21578455726676007,183,29.86111111111111,23.72093023255814,8
19464.0,215,0.2153414474136639,183,29.86111111111111,23.72093023255814,8
19488.0,215,0.2157223183574002,183,29.86111111111111,23.72093023255814,8
19512.0,215,0.21393326087445866,183,29.86111111111111,23.72093023255814,8
19536.0,215,0.21482550508328205,183,29.86111111111111,23.72093023255814,8
19560.0,215,0.21601941581796455,183,29.86111111111111,23.72093023255814,8
19584.0,215,0.2148924918685438,183,29.86111111111111,23.72093023255814,8
19608.0,215,0.21552634887082156,183,29.86111111111111,23.72093023255814,8
19632.0,215,0.2143285866439751,183,29.86111111111111,23.72093023255814,8
19656.0,215,0.21450918771228314,183,29.86111111111111,23.72093023255814,8
19680.0,215,0.21506180246351578,183,29.86111111111111,23.72093023255814,8
19704.0,215,0.21452876897785422,183,29.86111111111111,23.72093023255814,8
19728.0,215,0.2147705189696132,183,29.86111111111111,23.72093023255814,8
19752.0,215,0.21362514448310527,183,29.86111111111111,23.72093023255814,8
19776.0,215,0.21613944979151858,183,29.86111111111111,23.72093023255814,8
19800.0,215,0.21556942025666165,183,29.86111111111111,23.72093023255814,8
19824.0,215,0.21647823621399018,183,29.86111111111111,23.72093023255814,8
19848.0,215,0.21498202024099267,183,29.86111111111111,23.72093023255814,8
19872.0,215,0.2145285251755105,183,29.86111111111111,23.72093023255814,8
19896.0,215,0.21561687407570224,183,29.86111111111111,23.72093023255814,8
19920.0,215,0.21400667617860342,183,29.86111111111111,23.72093023255814,8
19944.0,215,0.21502184656072254,183,29.86111111111111,23.72093023255814,8
19968.0,215,0.21433568377859646,183,29.86111111111111,23.72093023255814,8
19992.0,215,0.21464031146599866,183,29.86111111111111,23.72093023255814,8
