Time_Hours,Time_Days,Earth_Pct,Mars_Pct,Total_Pct,Difference
0.0,0.0,0.0,0.0,0.0,0.0
24.0,1.0,0.0,0.0,0.0,0.0
48.0,2.0,62.5,75.0,68.75,12.5
72.0,3.0,75.0,75.0,75.0,0.0
96.0,4.0,75.0,100.0,87.5,25.0
120.0,5.0,100.0,100.0,100.0,0.0
144.0,6.0,100.0,100.0,100.0,0.0
168.0,7.0,100.0,100.0,100.0,0.0
192.0,8.0,100.0,100.0,100.0,0.0
216.0,9.0,100.0,100.0,100.0,0.0
240.0,10.0,100.0,100.0,100.0,0.0
264.0,11.0,100.0,100.0,100.0,0.0
288.0,12.0,100.0,100.0,100.0,0.0
312.0,13.0,100.0,100.0,100.0,0.0
336.0,14.0,100.0,100.0,100.0,0.0
360.0,15.0,100.0,100.0,100.0,0.0
384.0,16.0,100.0,100.0,100.0,0.0
408.0,17.0,100.0,100.0,100.0,0.0
432.0,18.0,100.0,100.0,100.0,0.0
456.0,19.0,100.0,100.0,100.0,0.0
480.0,20.0,100.0,100.0,100.0,0.0
504.0,21.0,100.0,100.0,100.0,0.0
528.0,22.0,100.0,100.0,100.0,0.0
552.0,23.0,100.0,100.0,100.0,0.0
576.0,24.0,100.0,100.0,100.0,0.0
600.0,25.0,100.0,100.0,100.0,0.0
624.0,26.0,100.0,100.0,100.0,0.0
648.0,27.0,100.0,100.0,100.0,0.0
672.0,28.0,100.0,100.0,100.0,0.0
696.0,29.0,100.0,100.0,100.0,0.0
720.0,30.0,100.0,100.0,100.0,0.0
744.0,31.0,100.0,100.0,100.0,0.0
768.0,32.0,100.0,100.0,100.0,0.0
792.0,33.0,100.0,100.0,100.0,0.0
816.0,34.0,100.0,100.0,100.0,0.0
840.0,35.0,100.0,100.0,100.0,0.0
864.0,36.0,100.0,100.0,100.0,0.0
888.0,37.0,100.0,100.0,100.0,0.0
912.0,38.0,100.0,100.0,100.0,0.0
936.0,39.0,100.0,100.0,100.0,0.0
960.0,40.0,100.0,100.0,100.0,0.0
984.0,41.0,100.0,100.0,100.0,0.0
1008.0,42.0,100.0,100.0,100.0,0.0
1032.0,43.0,100.0,100.0,100.0,0.0
1056.0,44.0,100.0,100.0,100.0,0.0
1080.0,45.0,100.0,100.0,100.0,0.0
1104.0,46.0,100.0,100.0,100.0,0.0
1128.0,47.0,100.0,100.0,100.0,0.0
1152.0,48.0,100.0,100.0,100.0,0.0
1176.0,49.0,100.0,100.0,100.0,0.0
1200.0,50.0,100.0,100.0,100.0,0.0
1224.0,51.0,100.0,100.0,100.0,0.0
1248.0,52.0,100.0,100.0,100.0,0.0
1272.0,53.0,100.0,100.0,100.0,0.0
1296.0,54.0,100.0,100.0,100.0,0.0
1320.0,55.0,100.0,100.0,100.0,0.0
1344.0,56.0,100.0,100.0,100.0,0.0
1368.0,57.0,100.0,100.0,100.0,0.0
1392.0,58.0,100.0,100.0,100.0,0.0
1416.0,59.0,100.0,100.0,100.0,0.0
1440.0,60.0,100.0,100.0,100.0,0.0
1464.0,61.0,100.0,100.0,100.0,0.0
1488.0,62.0,100.0,100.0,100.0,0.0
1512.0,63.0,100.0,100.0,100.0,0.0
1536.0,64.0,100.0,100.0,100.0,0.0
1560.0,65.0,100.0,100.0,100.0,0.0
1584.0,66.0,100.0,100.0,100.0,0.0
1608.0,67.0,100.0,100.0,100.0,0.0
1632.0,68.0,100.0,100.0,100.0,0.0
1656.0,69.0,100.0,100.0,100.0,0.0
1680.0,70.0,100.0,100.0,100.0,0.0
1704.0,71.0,100.0,100.0,100.0,0.0
1728.0,72.0,100.0,100.0,100.0,0.0
1752.0,73.0,100.0,100.0,100.0,0.0
1776.0,74.0,100.0,100.0,100.0,0.0
1800.0,75.0,100.0,100.0,100.0,0.0
1824.0,76.0,100.0,100.0,100.0,0.0
1848.0,77.0,100.0,100.0,100.0,0.0
1872.0,78.0,100.0,100.0,100.0,0.0
1896.0,79.0,100.0,100.0,100.0,0.0
1920.0,80.0,100.0,100.0,100.0,0.0
1944.0,81.0,100.0,100.0,100.0,0.0
1968.0,82.0,100.0,100.0,100.0,0.0
1992.0,83.0,100.0,100.0,100.0,0.0
2016.0,84.0,100.0,100.0,100.0,0.0
2040.0,85.0,100.0,100.0,100.0,0.0
2064.0,86.0,100.0,100.0,100.0,0.0
2088.0,87.0,100.0,100.0,100.0,0.0
2112.0,88.0,100.0,100.0,100.0,0.0
2136.0,89.0,100.0,100.0,100.0,0.0
2160.0,90.0,100.0,100.0,100.0,0.0
2184.0,91.0,100.0,100.0,100.0,0.0
2208.0,92.0,100.0,100.0,100.0,0.0
2232.0,93.0,100.0,100.0,100.0,0.0
2256.0,94.0,100.0,100.0,100.0,0.0
2280.0,95.0,100.0,100.0,100.0,0.0
2304.0,96.0,100.0,100.0,100.0,0.0
2328.0,97.0,100.0,100.0,100.0,0.0
2352.0,98.0,100.0,100.0,100.0,0.0
2376.0,99.0,100.0,100.0,100.0,0.0
2400.0,100.0,100.0,100.0,100.0,0.0
2424.0,101.0,100.0,100.0,100.0,0.0
2448.0,102.0,100.0,100.0,100.0,0.0
2472.0,103.0,100.0,100.0,100.0,0.0
2496.0,104.0,100.0,100.0,100.0,0.0
2520.0,105.0,100.0,100.0,100.0,0.0
2544.0,106.0,100.0,100.0,100.0,0.0
2568.0,107.0,100.0,100.0,100.0,0.0
2592.0,108.0,100.0,100.0,100.0,0.0
2616.0,109.0,100.0,100.0,100.0,0.0
2640.0,110.0,100.0,100.0,100.0,0.0
2664.0,111.0,100.0,100.0,100.0,0.0
2688.0,112.0,100.0,100.0,100.0,0.0
2712.0,113.0,100.0,100.0,100.0,0.0
2736.0,114.0,100.0,100.0,100.0,0.0
2760.0,115.0,100.0,100.0,100.0,0.0
2784.0,116.0,100.0,100.0,100.0,0.0
2808.0,117.0,100.0,100.0,100.0,0.0
2832.0,118.0,100.0,100.0,100.0,0.0
2856.0,119.0,100.0,100.0,100.0,0.0
2880.0,120.0,100.0,100.0,100.0,0.0
2904.0,121.0,100.0,100.0,100.0,0.0
2928.0,122.0,100.0,100.0,100.0,0.0
2952.0,123.0,100.0,100.0,100.0,0.0
2976.0,124.0,100.0,100.0,100.0,0.0
3000.0,125.0,100.0,100.0,100.0,0.0
3024.0,126.0,100.0,100.0,100.0,0.0
3048.0,127.0,100.0,100.0,100.0,0.0
3072.0,128.0,100.0,100.0,100.0,0.0
3096.0,129.0,100.0,100.0,100.0,0.0
3120.0,130.0,100.0,100.0,100.0,0.0
3144.0,131.0,100.0,100.0,100.0,0.0
3168.0,132.0,100.0,100.0,100.0,0.0
3192.0,133.0,100.0,100.0,100.0,0.0
3216.0,134.0,100.0,100.0,100.0,0.0
3240.0,135.0,100.0,100.0,100.0,0.0
3264.0,136.0,100.0,100.0,100.0,0.0
3288.0,137.0,100.0,100.0,100.0,0.0
3312.0,138.0,100.0,100.0,100.0,0.0
3336.0,139.0,100.0,100.0,100.0,0.0
3360.0,140.0,100.0,100.0,100.0,0.0
3384.0,141.0,100.0,100.0,100.0,0.0
3408.0,142.0,100.0,100.0,100.0,0.0
3432.0,143.0,100.0,100.0,100.0,0.0
3456.0,144.0,100.0,100.0,100.0,0.0
3480.0,145.0,100.0,100.0,100.0,0.0
3504.0,146.0,100.0,100.0,100.0,0.0
3528.0,147.0,100.0,100.0,100.0,0.0
3552.0,148.0,100.0,100.0,100.0,0.0
3576.0,149.0,100.0,100.0,100.0,0.0
3600.0,150.0,100.0,100.0,100.0,0.0
3624.0,151.0,100.0,100.0,100.0,0.0
3648.0,152.0,100.0,100.0,100.0,0.0
3672.0,153.0,100.0,100.0,100.0,0.0
3696.0,154.0,100.0,100.0,100.0,0.0
3720.0,155.0,100.0,100.0,100.0,0.0
3744.0,156.0,100.0,100.0,100.0,0.0
3768.0,157.0,100.0,100.0,100.0,0.0
3792.0,158.0,100.0,100.0,100.0,0.0
3816.0,159.0,100.0,100.0,100.0,0.0
3840.0,160.0,100.0,100.0,100.0,0.0
3864.0,161.0,100.0,100.0,100.0,0.0
3888.0,162.0,100.0,100.0,100.0,0.0
3912.0,163.0,100.0,100.0,100.0,0.0
3936.0,164.0,100.0,100.0,100.0,0.0
3960.0,165.0,100.0,100.0,100.0,0.0
3984.0,166.0,100.0,100.0,100.0,0.0
4008.0,167.0,100.0,100.0,100.0,0.0
4032.0,168.0,100.0,100.0,100.0,0.0
4056.0,169.0,100.0,100.0,100.0,0.0
4080.0,170.0,100.0,100.0,100.0,0.0
4104.0,171.0,100.0,100.0,100.0,0.0
4128.0,172.0,100.0,100.0,100.0,0.0
4152.0,173.0,100.0,100.0,100.0,0.0
4176.0,174.0,100.0,100.0,100.0,0.0
4200.0,175.0,100.0,100.0,100.0,0.0
4224.0,176.0,100.0,100.0,100.0,0.0
4248.0,177.0,100.0,100.0,100.0,0.0
4272.0,178.0,100.0,100.0,100.0,0.0
4296.0,179.0,100.0,100.0,100.0,0.0
4320.0,180.0,100.0,100.0,100.0,0.0
4344.0,181.0,100.0,100.0,100.0,0.0
4368.0,182.0,100.0,100.0,100.0,0.0
4392.0,183.0,100.0,100.0,100.0,0.0
4416.0,184.0,100.0,100.0,100.0,0.0
4440.0,185.0,100.0,100.0,100.0,0.0
4464.0,186.0,100.0,100.0,100.0,0.0
4488.0,187.0,100.0,100.0,100.0,0.0
4512.0,188.0,100.0,100.0,100.0,0.0
4536.0,189.0,100.0,100.0,100.0,0.0
4560.0,190.0,100.0,100.0,100.0,0.0
4584.0,191.0,100.0,100.0,100.0,0.0
4608.0,192.0,100.0,100.0,100.0,0.0
4632.0,193.0,100.0,100.0,100.0,0.0
4656.0,194.0,100.0,100.0,100.0,0.0
4680.0,195.0,100.0,100.0,100.0,0.0
4704.0,196.0,100.0,100.0,100.0,0.0
4728.0,197.0,100.0,100.0,100.0,0.0
4752.0,198.0,100.0,100.0,100.0,0.0
4776.0,199.0,100.0,100.0,100.0,0.0
4800.0,200.0,100.0,100.0,100.0,0.0
4824.0,201.0,100.0,100.0,100.0,0.0
4848.0,202.0,100.0,100.0,100.0,0.0
4872.0,203.0,100.0,100.0,100.0,0.0
4896.0,204.0,100.0,100.0,100.0,0.0
4920.0,205.0,100.0,100.0,100.0,0.0
4944.0,206.0,100.0,100.0,100.0,0.0
4968.0,207.0,100.0,100.0,100.0,0.0
4992.0,208.0,100.0,100.0,100.0,0.0
5016.0,209.0,100.0,100.0,100.0,0.0
5040.0,210.0,100.0,100.0,100.0,0.0
5064.0,211.0,100.0,100.0,100.0,0.0
5088.0,212.0,100.0,100.0,100.0,0.0
5112.0,213.0,100.0,100.0,100.0,0.0
5136.0,214.0,100.0,100.0,100.0,0.0
5160.0,215.0,100.0,100.0,100.0,0.0
5184.0,216.0,100.0,100.0,100.0,0.0
5208.0,217.0,100.0,100.0,100.0,0.0
5232.0,218.0,100.0,100.0,100.0,0.0
5256.0,219.0,100.0,100.0,100.0,0.0
5280.0,220.0,100.0,100.0,100.0,0.0
5304.0,221.0,100.0,100.0,100.0,0.0
5328.0,222.0,100.0,100.0,100.0,0.0
5352.0,223.0,100.0,100.0,100.0,0.0
5376.0,224.0,100.0,100.0,100.0,0.0
5400.0,225.0,100.0,100.0,100.0,0.0
5424.0,226.0,100.0,100.0,100.0,0.0
5448.0,227.0,100.0,100.0,100.0,0.0
5472.0,228.0,100.0,100.0,100.0,0.0
5496.0,229.0,100.0,100.0,100.0,0.0
5520.0,230.0,100.0,100.0,100.0,0.0
5544.0,231.0,100.0,100.0,100.0,0.0
5568.0,232.0,100.0,100.0,100.0,0.0
5592.0,233.0,100.0,100.0,100.0,0.0
5616.0,234.0,100.0,100.0,100.0,0.0
5640.0,235.0,100.0,100.0,100.0,0.0
5664.0,236.0,100.0,100.0,100.0,0.0
5688.0,237.0,100.0,100.0,100.0,0.0
5712.0,238.0,100.0,100.0,100.0,0.0
5736.0,239.0,100.0,100.0,100.0,0.0
5760.0,240.0,100.0,100.0,100.0,0.0
5784.0,241.0,100.0,100.0,100.0,0.0
5808.0,242.0,100.0,100.0,100.0,0.0
5832.0,243.0,100.0,100.0,100.0,0.0
5856.0,244.0,100.0,100.0,100.0,0.0
5880.0,245.0,100.0,100.0,100.0,0.0
5904.0,246.0,100.0,100.0,100.0,0.0
5928.0,247.0,100.0,100.0,100.0,0.0
5952.0,248.0,100.0,100.0,100.0,0.0
5976.0,249.0,100.0,100.0,100.0,0.0
6000.0,250.0,100.0,100.0,100.0,0.0
6024.0,251.0,100.0,100.0,100.0,0.0
6048.0,252.0,100.0,100.0,100.0,0.0
6072.0,253.0,100.0,100.0,100.0,0.0
6096.0,254.0,100.0,100.0,100.0,0.0
6120.0,255.0,100.0,100.0,100.0,0.0
6144.0,256.0,100.0,100.0,100.0,0.0
6168.0,257.0,100.0,100.0,100.0,0.0
6192.0,258.0,100.0,100.0,100.0,0.0
6216.0,259.0,100.0,100.0,100.0,0.0
6240.0,260.0,100.0,100.0,100.0,0.0
6264.0,261.0,100.0,100.0,100.0,0.0
6288.0,262.0,100.0,100.0,100.0,0.0
6312.0,263.0,100.0,100.0,100.0,0.0
6336.0,264.0,100.0,100.0,100.0,0.0
6360.0,265.0,100.0,100.0,100.0,0.0
6384.0,266.0,100.0,100.0,100.0,0.0
6408.0,267.0,100.0,100.0,100.0,0.0
6432.0,268.0,100.0,100.0,100.0,0.0
6456.0,269.0,100.0,100.0,100.0,0.0
6480.0,270.0,100.0,100.0,100.0,0.0
6504.0,271.0,100.0,100.0,100.0,0.0
6528.0,272.0,100.0,100.0,100.0,0.0
6552.0,273.0,100.0,100.0,100.0,0.0
6576.0,274.0,100.0,100.0,100.0,0.0
6600.0,275.0,100.0,100.0,100.0,0.0
6624.0,276.0,100.0,100.0,100.0,0.0
6648.0,277.0,100.0,100.0,100.0,0.0
6672.0,278.0,100.0,100.0,100.0,0.0
6696.0,279.0,100.0,100.0,100.0,0.0
6720.0,280.0,100.0,100.0,100.0,0.0
6744.0,281.0,100.0,100.0,100.0,0.0
6768.0,282.0,100.0,100.0,100.0,0.0
6792.0,283.0,100.0,100.0,100.0,0.0
6816.0,284.0,100.0,100.0,100.0,0.0
6840.0,285.0,100.0,100.0,100.0,0.0
6864.0,286.0,100.0,100.0,100.0,0.0
6888.0,287.0,100.0,100.0,100.0,0.0
6912.0,288.0,100.0,100.0,100.0,0.0
6936.0,289.0,100.0,100.0,100.0,0.0
6960.0,290.0,100.0,100.0,100.0,0.0
6984.0,291.0,100.0,100.0,100.0,0.0
7008.0,292.0,100.0,100.0,100.0,0.0
7032.0,293.0,100.0,100.0,100.0,0.0
7056.0,294.0,100.0,100.0,100.0,0.0
7080.0,295.0,100.0,100.0,100.0,0.0
7104.0,296.0,100.0,100.0,100.0,0.0
7128.0,297.0,100.0,100.0,100.0,0.0
7152.0,298.0,100.0,100.0,100.0,0.0
7176.0,299.0,100.0,100.0,100.0,0.0
7200.0,300.0,100.0,100.0,100.0,0.0
7224.0,301.0,100.0,100.0,100.0,0.0
7248.0,302.0,100.0,100.0,100.0,0.0
7272.0,303.0,100.0,100.0,100.0,0.0
7296.0,304.0,100.0,100.0,100.0,0.0
7320.0,305.0,100.0,100.0,100.0,0.0
7344.0,306.0,100.0,100.0,100.0,0.0
7368.0,307.0,100.0,100.0,100.0,0.0
7392.0,308.0,100.0,100.0,100.0,0.0
7416.0,309.0,100.0,100.0,100.0,0.0
7440.0,310.0,100.0,100.0,100.0,0.0
7464.0,311.0,100.0,100.0,100.0,0.0
7488.0,312.0,100.0,100.0,100.0,0.0
7512.0,313.0,100.0,100.0,100.0,0.0
7536.0,314.0,100.0,100.0,100.0,0.0
7560.0,315.0,100.0,100.0,100.0,0.0
7584.0,316.0,100.0,100.0,100.0,0.0
7608.0,317.0,100.0,100.0,100.0,0.0
7632.0,318.0,100.0,100.0,100.0,0.0
7656.0,319.0,100.0,100.0,100.0,0.0
7680.0,320.0,100.0,100.0,100.0,0.0
7704.0,321.0,100.0,100.0,100.0,0.0
7728.0,322.0,100.0,100.0,100.0,0.0
7752.0,323.0,100.0,100.0,100.0,0.0
7776.0,324.0,100.0,100.0,100.0,0.0
7800.0,325.0,100.0,100.0,100.0,0.0
7824.0,326.0,100.0,100.0,100.0,0.0
7848.0,327.0,100.0,100.0,100.0,0.0
7872.0,328.0,100.0,100.0,100.0,0.0
7896.0,329.0,100.0,100.0,100.0,0.0
7920.0,330.0,100.0,100.0,100.0,0.0
7944.0,331.0,100.0,100.0,100.0,0.0
7968.0,332.0,100.0,100.0,100.0,0.0
7992.0,333.0,100.0,100.0,100.0,0.0
8016.0,334.0,100.0,100.0,100.0,0.0
8040.0,335.0,100.0,100.0,100.0,0.0
8064.0,336.0,100.0,100.0,100.0,0.0
8088.0,337.0,100.0,100.0,100.0,0.0
8112.0,338.0,100.0,100.0,100.0,0.0
8136.0,339.0,100.0,100.0,100.0,0.0
8160.0,340.0,100.0,100.0,100.0,0.0
8184.0,341.0,100.0,100.0,100.0,0.0
8208.0,342.0,100.0,100.0,100.0,0.0
8232.0,343.0,100.0,100.0,100.0,0.0
8256.0,344.0,100.0,100.0,100.0,0.0
8280.0,345.0,100.0,100.0,100.0,0.0
8304.0,346.0,100.0,100.0,100.0,0.0
8328.0,347.0,100.0,100.0,100.0,0.0
8352.0,348.0,100.0,100.0,100.0,0.0
8376.0,349.0,100.0,100.0,100.0,0.0
8400.0,350.0,100.0,100.0,100.0,0.0
8424.0,351.0,100.0,100.0,100.0,0.0
8448.0,352.0,100.0,100.0,100.0,0.0
8472.0,353.0,100.0,100.0,100.0,0.0
8496.0,354.0,100.0,100.0,100.0,0.0
8520.0,355.0,100.0,100.0,100.0,0.0
8544.0,356.0,100.0,100.0,100.0,0.0
8568.0,357.0,100.0,100.0,100.0,0.0
8592.0,358.0,100.0,100.0,100.0,0.0
8616.0,359.0,100.0,100.0,100.0,0.0
8640.0,360.0,100.0,100.0,100.0,0.0
8664.0,361.0,100.0,100.0,100.0,0.0
8688.0,362.0,100.0,100.0,100.0,0.0
8712.0,363.0,100.0,100.0,100.0,0.0
8736.0,364.0,100.0,100.0,100.0,0.0
8760.0,365.0,100.0,100.0,100.0,0.0
8784.0,366.0,100.0,100.0,100.0,0.0
8808.0,367.0,100.0,100.0,100.0,0.0
8832.0,368.0,100.0,100.0,100.0,0.0
8856.0,369.0,100.0,100.0,100.0,0.0
8880.0,370.0,100.0,100.0,100.0,0.0
8904.0,371.0,100.0,100.0,100.0,0.0
8928.0,372.0,100.0,100.0,100.0,0.0
8952.0,373.0,100.0,100.0,100.0,0.0
8976.0,374.0,100.0,100.0,100.0,0.0
9000.0,375.0,100.0,100.0,100.0,0.0
9024.0,376.0,100.0,100.0,100.0,0.0
9048.0,377.0,100.0,100.0,100.0,0.0
9072.0,378.0,100.0,100.0,100.0,0.0
9096.0,379.0,100.0,100.0,100.0,0.0
9120.0,380.0,100.0,100.0,100.0,0.0
9144.0,381.0,100.0,100.0,100.0,0.0
9168.0,382.0,100.0,100.0,100.0,0.0
9192.0,383.0,100.0,100.0,100.0,0.0
9216.0,384.0,100.0,100.0,100.0,0.0
9240.0,385.0,100.0,100.0,100.0,0.0
9264.0,386.0,100.0,100.0,100.0,0.0
9288.0,387.0,100.0,100.0,100.0,0.0
9312.0,388.0,100.0,100.0,100.0,0.0
9336.0,389.0,100.0,100.0,100.0,0.0
9360.0,390.0,100.0,100.0,100.0,0.0
9384.0,391.0,100.0,100.0,100.0,0.0
9408.0,392.0,100.0,100.0,100.0,0.0
9432.0,393.0,100.0,100.0,100.0,0.0
9456.0,394.0,100.0,100.0,100.0,0.0
9480.0,395.0,100.0,100.0,100.0,0.0
9504.0,396.0,100.0,100.0,100.0,0.0
9528.0,397.0,100.0,100.0,100.0,0.0
9552.0,398.0,100.0,100.0,100.0,0.0
9576.0,399.0,100.0,100.0,100.0,0.0
9600.0,400.0,100.0,100.0,100.0,0.0
9624.0,401.0,100.0,100.0,100.0,0.0
9648.0,402.0,100.0,100.0,100.0,0.0
9672.0,403.0,100.0,100.0,100.0,0.0
9696.0,404.0,100.0,100.0,100.0,0.0
9720.0,405.0,100.0,100.0,100.0,0.0
9744.0,406.0,100.0,100.0,100.0,0.0
9768.0,407.0,100.0,100.0,100.0,0.0
9792.0,408.0,100.0,100.0,100.0,0.0
9816.0,409.0,100.0,100.0,100.0,0.0
9840.0,410.0,100.0,100.0,100.0,0.0
9864.0,411.0,100.0,100.0,100.0,0.0
9888.0,412.0,100.0,100.0,100.0,0.0
9912.0,413.0,100.0,100.0,100.0,0.0
9936.0,414.0,100.0,100.0,100.0,0.0
9960.0,415.0,100.0,100.0,100.0,0.0
9984.0,416.0,100.0,100.0,100.0,0.0
10008.0,417.0,100.0,100.0,100.0,0.0
10032.0,418.0,100.0,100.0,100.0,0.0
10056.0,419.0,100.0,100.0,100.0,0.0
10080.0,420.0,100.0,100.0,100.0,0.0
10104.0,421.0,100.0,100.0,100.0,0.0
10128.0,422.0,100.0,100.0,100.0,0.0
10152.0,423.0,100.0,100.0,100.0,0.0
10176.0,424.0,100.0,100.0,100.0,0.0
10200.0,425.0,100.0,100.0,100.0,0.0
10224.0,426.0,100.0,100.0,100.0,0.0
10248.0,427.0,100.0,100.0,100.0,0.0
10272.0,428.0,100.0,100.0,100.0,0.0
10296.0,429.0,100.0,100.0,100.0,0.0
10320.0,430.0,100.0,100.0,100.0,0.0
10344.0,431.0,100.0,100.0,100.0,0.0
10368.0,432.0,100.0,100.0,100.0,0.0
10392.0,433.0,100.0,100.0,100.0,0.0
10416.0,434.0,100.0,100.0,100.0,0.0
10440.0,435.0,100.0,100.0,100.0,0.0
10464.0,436.0,100.0,100.0,100.0,0.0
10488.0,437.0,100.0,100.0,100.0,0.0
10512.0,438.0,100.0,100.0,100.0,0.0
10536.0,439.0,100.0,100.0,100.0,0.0
10560.0,440.0,100.0,100.0,100.0,0.0
10584.0,441.0,100.0,100.0,100.0,0.0
10608.0,442.0,100.0,100.0,100.0,0.0
10632.0,443.0,100.0,100.0,100.0,0.0
10656.0,444.0,100.0,100.0,100.0,0.0
10680.0,445.0,100.0,100.0,100.0,0.0
10704.0,446.0,100.0,100.0,100.0,0.0
10728.0,447.0,100.0,100.0,100.0,0.0
10752.0,448.0,100.0,100.0,100.0,0.0
10776.0,449.0,100.0,100.0,100.0,0.0
10800.0,450.0,100.0,100.0,100.0,0.0
10824.0,451.0,100.0,100.0,100.0,0.0
10848.0,452.0,100.0,100.0,100.0,0.0
10872.0,453.0,100.0,100.0,100.0,0.0
10896.0,454.0,100.0,100.0,100.0,0.0
10920.0,455.0,100.0,100.0,100.0,0.0
10944.0,456.0,100.0,100.0,100.0,0.0
10968.0,457.0,100.0,100.0,100.0,0.0
10992.0,458.0,100.0,100.0,100.0,0.0
11016.0,459.0,100.0,100.0,100.0,0.0
11040.0,460.0,100.0,100.0,100.0,0.0
11064.0,461.0,100.0,100.0,100.0,0.0
11088.0,462.0,100.0,100.0,100.0,0.0
11112.0,463.0,100.0,100.0,100.0,0.0
11136.0,464.0,100.0,100.0,100.0,0.0
11160.0,465.0,100.0,100.0,100.0,0.0
11184.0,466.0,100.0,100.0,100.0,0.0
11208.0,467.0,100.0,100.0,100.0,0.0
11232.0,468.0,100.0,100.0,100.0,0.0
11256.0,469.0,100.0,100.0,100.0,0.0
11280.0,470.0,100.0,100.0,100.0,0.0
11304.0,471.0,100.0,100.0,100.0,0.0
11328.0,472.0,100.0,100.0,100.0,0.0
11352.0,473.0,100.0,100.0,100.0,0.0
11376.0,474.0,100.0,100.0,100.0,0.0
11400.0,475.0,100.0,100.0,100.0,0.0
11424.0,476.0,100.0,100.0,100.0,0.0
11448.0,477.0,100.0,100.0,100.0,0.0
11472.0,478.0,100.0,100.0,100.0,0.0
11496.0,479.0,100.0,100.0,100.0,0.0
11520.0,480.0,100.0,100.0,100.0,0.0
11544.0,481.0,100.0,100.0,100.0,0.0
11568.0,482.0,100.0,100.0,100.0,0.0
11592.0,483.0,100.0,100.0,100.0,0.0
11616.0,484.0,100.0,100.0,100.0,0.0
11640.0,485.0,100.0,100.0,100.0,0.0
11664.0,486.0,100.0,100.0,100.0,0.0
11688.0,487.0,100.0,100.0,100.0,0.0
11712.0,488.0,100.0,100.0,100.0,0.0
11736.0,489.0,100.0,100.0,100.0,0.0
11760.0,490.0,100.0,100.0,100.0,0.0
11784.0,491.0,100.0,100.0,100.0,0.0
11808.0,492.0,100.0,100.0,100.0,0.0
11832.0,493.0,100.0,100.0,100.0,0.0
11856.0,494.0,100.0,100.0,100.0,0.0
11880.0,495.0,100.0,100.0,100.0,0.0
11904.0,496.0,100.0,100.0,100.0,0.0
11928.0,497.0,100.0,100.0,100.0,0.0
11952.0,498.0,100.0,100.0,100.0,0.0
11976.0,499.0,100.0,100.0,100.0,0.0
12000.0,500.0,100.0,100.0,100.0,0.0
12024.0,501.0,100.0,100.0,100.0,0.0
12048.0,502.0,100.0,100.0,100.0,0.0
12072.0,503.0,100.0,100.0,100.0,0.0
12096.0,504.0,100.0,100.0,100.0,0.0
12120.0,505.0,100.0,100.0,100.0,0.0
12144.0,506.0,100.0,100.0,100.0,0.0
12168.0,507.0,100.0,100.0,100.0,0.0
12192.0,508.0,100.0,100.0,100.0,0.0
12216.0,509.0,100.0,100.0,100.0,0.0
12240.0,510.0,100.0,100.0,100.0,0.0
12264.0,511.0,100.0,100.0,100.0,0.0
12288.0,512.0,100.0,100.0,100.0,0.0
12312.0,513.0,100.0,100.0,100.0,0.0
12336.0,514.0,100.0,100.0,100.0,0.0
12360.0,515.0,100.0,100.0,100.0,0.0
12384.0,516.0,100.0,100.0,100.0,0.0
12408.0,517.0,100.0,100.0,100.0,0.0
12432.0,518.0,100.0,100.0,100.0,0.0
12456.0,519.0,100.0,100.0,100.0,0.0
12480.0,520.0,100.0,100.0,100.0,0.0
12504.0,521.0,100.0,100.0,100.0,0.0
12528.0,522.0,100.0,100.0,100.0,0.0
12552.0,523.0,100.0,100.0,100.0,0.0
12576.0,524.0,100.0,100.0,100.0,0.0
12600.0,525.0,100.0,100.0,100.0,0.0
12624.0,526.0,100.0,100.0,100.0,0.0
12648.0,527.0,100.0,100.0,100.0,0.0
12672.0,528.0,100.0,100.0,100.0,0.0
12696.0,529.0,100.0,100.0,100.0,0.0
12720.0,530.0,100.0,100.0,100.0,0.0
12744.0,531.0,100.0,100.0,100.0,0.0
12768.0,532.0,100.0,100.0,100.0,0.0
12792.0,533.0,100.0,100.0,100.0,0.0
12816.0,534.0,100.0,100.0,100.0,0.0
12840.0,535.0,100.0,100.0,100.0,0.0
12864.0,536.0,100.0,100.0,100.0,0.0
12888.0,537.0,100.0,100.0,100.0,0.0
12912.0,538.0,100.0,100.0,100.0,0.0
12936.0,539.0,100.0,100.0,100.0,0.0
12960.0,540.0,100.0,100.0,100.0,0.0
12984.0,541.0,100.0,100.0,100.0,0.0
13008.0,542.0,100.0,100.0,100.0,0.0
13032.0,543.0,100.0,100.0,100.0,0.0
13056.0,544.0,100.0,100.0,100.0,0.0
13080.0,545.0,100.0,100.0,100.0,0.0
13104.0,546.0,100.0,100.0,100.0,0.0
13128.0,547.0,100.0,100.0,100.0,0.0
13152.0,548.0,100.0,100.0,100.0,0.0
13176.0,549.0,100.0,100.0,100.0,0.0
13200.0,550.0,100.0,100.0,100.0,0.0
13224.0,551.0,100.0,100.0,100.0,0.0
13248.0,552.0,100.0,100.0,100.0,0.0
13272.0,553.0,100.0,100.0,100.0,0.0
13296.0,554.0,100.0,100.0,100.0,0.0
13320.0,555.0,100.0,100.0,100.0,0.0
13344.0,556.0,100.0,100.0,100.0,0.0
13368.0,557.0,100.0,100.0,100.0,0.0
13392.0,558.0,100.0,100.0,100.0,0.0
13416.0,559.0,100.0,100.0,100.0,0.0
13440.0,560.0,100.0,100.0,100.0,0.0
13464.0,561.0,100.0,100.0,100.0,0.0
13488.0,562.0,100.0,100.0,100.0,0.0
13512.0,563.0,100.0,100.0,100.0,0.0
13536.0,564.0,100.0,100.0,100.0,0.0
13560.0,565.0,100.0,100.0,100.0,0.0
13584.0,566.0,100.0,100.0,100.0,0.0
13608.0,567.0,100.0,100.0,100.0,0.0
13632.0,568.0,100.0,100.0,100.0,0.0
13656.0,569.0,100.0,100.0,100.0,0.0
13680.0,570.0,100.0,100.0,100.0,0.0
13704.0,571.0,100.0,100.0,100.0,0.0
13728.0,572.0,100.0,100.0,100.0,0.0
13752.0,573.0,100.0,100.0,100.0,0.0
13776.0,574.0,100.0,100.0,100.0,0.0
13800.0,575.0,100.0,100.0,100.0,0.0
13824.0,576.0,100.0,100.0,100.0,0.0
13848.0,577.0,100.0,100.0,100.0,0.0
13872.0,578.0,100.0,100.0,100.0,0.0
13896.0,579.0,100.0,100.0,100.0,0.0
13920.0,580.0,100.0,100.0,100.0,0.0
13944.0,581.0,100.0,100.0,100.0,0.0
13968.0,582.0,100.0,100.0,100.0,0.0
13992.0,583.0,100.0,100.0,100.0,0.0
14016.0,584.0,100.0,100.0,100.0,0.0
14040.0,585.0,100.0,100.0,100.0,0.0
14064.0,586.0,100.0,100.0,100.0,0.0
14088.0,587.0,100.0,100.0,100.0,0.0
14112.0,588.0,100.0,100.0,100.0,0.0
14136.0,589.0,100.0,100.0,100.0,0.0
14160.0,590.0,100.0,100.0,100.0,0.0
14184.0,591.0,100.0,100.0,100.0,0.0
14208.0,592.0,100.0,100.0,100.0,0.0
14232.0,593.0,100.0,100.0,100.0,0.0
14256.0,594.0,100.0,100.0,100.0,0.0
14280.0,595.0,100.0,100.0,100.0,0.0
14304.0,596.0,100.0,100.0,100.0,0.0
14328.0,597.0,100.0,100.0,100.0,0.0
14352.0,598.0,100.0,100.0,100.0,0.0
14376.0,599.0,100.0,100.0,100.0,0.0
14400.0,600.0,100.0,100.0,100.0,0.0
14424.0,601.0,100.0,100.0,100.0,0.0
14448.0,602.0,100.0,100.0,100.0,0.0
14472.0,603.0,100.0,100.0,100.0,0.0
14496.0,604.0,100.0,100.0,100.0,0.0
14520.0,605.0,100.0,100.0,100.0,0.0
14544.0,606.0,100.0,100.0,100.0,0.0
14568.0,607.0,100.0,100.0,100.0,0.0
14592.0,608.0,100.0,100.0,100.0,0.0
14616.0,609.0,100.0,100.0,100.0,0.0
14640.0,610.0,100.0,100.0,100.0,0.0
14664.0,611.0,100.0,100.0,100.0,0.0
14688.0,612.0,100.0,100.0,100.0,0.0
14712.0,613.0,100.0,100.0,100.0,0.0
14736.0,614.0,100.0,100.0,100.0,0.0
14760.0,615.0,100.0,100.0,100.0,0.0
14784.0,616.0,100.0,100.0,100.0,0.0
14808.0,617.0,100.0,100.0,100.0,0.0
14832.0,618.0,100.0,100.0,100.0,0.0
14856.0,619.0,100.0,100.0,100.0,0.0
14880.0,620.0,100.0,100.0,100.0,0.0
14904.0,621.0,100.0,100.0,100.0,0.0
14928.0,622.0,100.0,100.0,100.0,0.0
14952.0,623.0,100.0,100.0,100.0,0.0
14976.0,624.0,100.0,100.0,100.0,0.0
15000.0,625.0,100.0,100.0,100.0,0.0
15024.0,626.0,100.0,100.0,100.0,0.0
15048.0,627.0,100.0,100.0,100.0,0.0
15072.0,628.0,100.0,100.0,100.0,0.0
15096.0,629.0,100.0,100.0,100.0,0.0
15120.0,630.0,100.0,100.0,100.0,0.0
15144.0,631.0,100.0,100.0,100.0,0.0
15168.0,632.0,100.0,100.0,100.0,0.0
15192.0,633.0,100.0,100.0,100.0,0.0
15216.0,634.0,100.0,100.0,100.0,0.0
15240.0,635.0,100.0,100.0,100.0,0.0
15264.0,636.0,100.0,100.0,100.0,0.0
15288.0,637.0,100.0,100.0,100.0,0.0
15312.0,638.0,100.0,100.0,100.0,0.0
15336.0,639.0,100.0,100.0,100.0,0.0
15360.0,640.0,100.0,100.0,100.0,0.0
15384.0,641.0,100.0,100.0,100.0,0.0
15408.0,642.0,100.0,100.0,100.0,0.0
15432.0,643.0,100.0,100.0,100.0,0.0
15456.0,644.0,100.0,100.0,100.0,0.0
15480.0,645.0,100.0,100.0,100.0,0.0
15504.0,646.0,100.0,100.0,100.0,0.0
15528.0,647.0,100.0,100.0,100.0,0.0
15552.0,648.0,100.0,100.0,100.0,0.0
15576.0,649.0,100.0,100.0,100.0,0.0
15600.0,650.0,100.0,100.0,100.0,0.0
15624.0,651.0,100.0,100.0,100.0,0.0
15648.0,652.0,100.0,100.0,100.0,0.0
15672.0,653.0,100.0,100.0,100.0,0.0
15696.0,654.0,100.0,100.0,100.0,0.0
15720.0,655.0,100.0,100.0,100.0,0.0
15744.0,656.0,100.0,100.0,100.0,0.0
15768.0,657.0,100.0,100.0,100.0,0.0
15792.0,658.0,100.0,100.0,100.0,0.0
15816.0,659.0,100.0,100.0,100.0,0.0
15840.0,660.0,100.0,100.0,100.0,0.0
15864.0,661.0,100.0,100.0,100.0,0.0
15888.0,662.0,100.0,100.0,100.0,0.0
15912.0,663.0,100.0,100.0,100.0,0.0
15936.0,664.0,100.0,100.0,100.0,0.0
15960.0,665.0,100.0,100.0,100.0,0.0
15984.0,666.0,100.0,100.0,100.0,0.0
16008.0,667.0,100.0,100.0,100.0,0.0
16032.0,668.0,100.0,100.0,100.0,0.0
16056.0,669.0,100.0,100.0,100.0,0.0
16080.0,670.0,100.0,100.0,100.0,0.0
16104.0,671.0,100.0,100.0,100.0,0.0
16128.0,672.0,100.0,100.0,100.0,0.0
16152.0,673.0,100.0,100.0,100.0,0.0
16176.0,674.0,100.0,100.0,100.0,0.0
16200.0,675.0,100.0,100.0,100.0,0.0
16224.0,676.0,100.0,100.0,100.0,0.0
16248.0,677.0,100.0,100.0,100.0,0.0
16272.0,678.0,100.0,100.0,100.0,0.0
16296.0,679.0,100.0,100.0,100.0,0.0
16320.0,680.0,100.0,100.0,100.0,0.0
16344.0,681.0,100.0,100.0,100.0,0.0
16368.0,682.0,100.0,100.0,100.0,0.0
16392.0,683.0,100.0,100.0,100.0,0.0
16416.0,684.0,100.0,100.0,100.0,0.0
16440.0,685.0,100.0,100.0,100.0,0.0
16464.0,686.0,100.0,100.0,100.0,0.0
16488.0,687.0,100.0,100.0,100.0,0.0
16512.0,688.0,100.0,100.0,100.0,0.0
16536.0,689.0,100.0,100.0,100.0,0.0
16560.0,690.0,100.0,100.0,100.0,0.0
16584.0,691.0,100.0,100.0,100.0,0.0
16608.0,692.0,100.0,100.0,100.0,0.0
16632.0,693.0,100.0,100.0,100.0,0.0
16656.0,694.0,100.0,100.0,100.0,0.0
16680.0,695.0,100.0,100.0,100.0,0.0
16704.0,696.0,100.0,100.0,100.0,0.0
16728.0,697.0,100.0,100.0,100.0,0.0
16752.0,698.0,100.0,100.0,100.0,0.0
16776.0,699.0,100.0,100.0,100.0,0.0
16800.0,700.0,100.0,100.0,100.0,0.0
16824.0,701.0,100.0,100.0,100.0,0.0
16848.0,702.0,100.0,100.0,100.0,0.0
16872.0,703.0,100.0,100.0,100.0,0.0
16896.0,704.0,100.0,100.0,100.0,0.0
16920.0,705.0,100.0,100.0,100.0,0.0
16944.0,706.0,100.0,100.0,100.0,0.0
16968.0,707.0,100.0,100.0,100.0,0.0
16992.0,708.0,100.0,100.0,100.0,0.0
17016.0,709.0,100.0,100.0,100.0,0.0
17040.0,710.0,100.0,100.0,100.0,0.0
17064.0,711.0,100.0,100.0,100.0,0.0
17088.0,712.0,100.0,100.0,100.0,0.0
17112.0,713.0,100.0,100.0,100.0,0.0
17136.0,714.0,100.0,100.0,100.0,0.0
17160.0,715.0,100.0,100.0,100.0,0.0
17184.0,716.0,100.0,100.0,100.0,0.0
17208.0,717.0,100.0,100.0,100.0,0.0
17232.0,718.0,100.0,100.0,100.0,0.0
17256.0,719.0,100.0,100.0,100.0,0.0
17280.0,720.0,100.0,100.0,100.0,0.0
17304.0,721.0,100.0,100.0,100.0,0.0
17328.0,722.0,100.0,100.0,100.0,0.0
17352.0,723.0,100.0,100.0,100.0,0.0
17376.0,724.0,100.0,100.0,100.0,0.0
17400.0,725.0,100.0,100.0,100.0,0.0
17424.0,726.0,100.0,100.0,100.0,0.0
17448.0,727.0,100.0,100.0,100.0,0.0
17472.0,728.0,100.0,100.0,100.0,0.0
17496.0,729.0,100.0,100.0,100.0,0.0
17520.0,730.0,100.0,100.0,100.0,0.0
17544.0,731.0,100.0,100.0,100.0,0.0
17568.0,732.0,100.0,100.0,100.0,0.0
17592.0,733.0,100.0,100.0,100.0,0.0
17616.0,734.0,100.0,100.0,100.0,0.0
17640.0,735.0,100.0,100.0,100.0,0.0
17664.0,736.0,100.0,100.0,100.0,0.0
17688.0,737.0,100.0,100.0,100.0,0.0
17712.0,738.0,100.0,100.0,100.0,0.0
17736.0,739.0,100.0,100.0,100.0,0.0
17760.0,740.0,100.0,100.0,100.0,0.0
17784.0,741.0,100.0,100.0,100.0,0.0
17808.0,742.0,100.0,100.0,100.0,0.0
17832.0,743.0,100.0,100.0,100.0,0.0
17856.0,744.0,100.0,100.0,100.0,0.0
17880.0,745.0,100.0,100.0,100.0,0.0
17904.0,746.0,100.0,100.0,100.0,0.0
17928.0,747.0,100.0,100.0,100.0,0.0
17952.0,748.0,100.0,100.0,100.0,0.0
17976.0,749.0,100.0,100.0,100.0,0.0
18000.0,750.0,100.0,100.0,100.0,0.0
18024.0,751.0,100.0,100.0,100.0,0.0
18048.0,752.0,100.0,100.0,100.0,0.0
18072.0,753.0,100.0,100.0,100.0,0.0
18096.0,754.0,100.0,100.0,100.0,0.0
18120.0,755.0,100.0,100.0,100.0,0.0
18144.0,756.0,100.0,100.0,100.0,0.0
18168.0,757.0,100.0,100.0,100.0,0.0
18192.0,758.0,100.0,100.0,100.0,0.0
18216.0,759.0,100.0,100.0,100.0,0.0
18240.0,760.0,100.0,100.0,100.0,0.0
18264.0,761.0,100.0,100.0,100.0,0.0
18288.0,762.0,100.0,100.0,100.0,0.0
18312.0,763.0,100.0,100.0,100.0,0.0
18336.0,764.0,100.0,100.0,100.0,0.0
18360.0,765.0,100.0,100.0,100.0,0.0
18384.0,766.0,100.0,100.0,100.0,0.0
18408.0,767.0,100.0,100.0,100.0,0.0
18432.0,768.0,100.0,100.0,100.0,0.0
18456.0,769.0,100.0,100.0,100.0,0.0
18480.0,770.0,100.0,100.0,100.0,0.0
18504.0,771.0,100.0,100.0,100.0,0.0
18528.0,772.0,100.0,100.0,100.0,0.0
18552.0,773.0,100.0,100.0,100.0,0.0
18576.0,774.0,100.0,100.0,100.0,0.0
18600.0,775.0,100.0,100.0,100.0,0.0
18624.0,776.0,100.0,100.0,100.0,0.0
18648.0,777.0,100.0,100.0,100.0,0.0
18672.0,778.0,100.0,100.0,100.0,0.0
18696.0,779.0,100.0,100.0,100.0,0.0
18720.0,780.0,100.0,100.0,100.0,0.0
18744.0,781.0,100.0,100.0,100.0,0.0
18768.0,782.0,100.0,100.0,100.0,0.0
18792.0,783.0,100.0,100.0,100.0,0.0
18816.0,784.0,100.0,100.0,100.0,0.0
18840.0,785.0,100.0,100.0,100.0,0.0
18864.0,786.0,100.0,100.0,100.0,0.0
18888.0,787.0,100.0,100.0,100.0,0.0
18912.0,788.0,100.0,100.0,100.0,0.0
18936.0,789.0,100.0,100.0,100.0,0.0
18960.0,790.0,100.0,100.0,100.0,0.0
18984.0,791.0,100.0,100.0,100.0,0.0
19008.0,792.0,100.0,100.0,100.0,0.0
19032.0,793.0,100.0,100.0,100.0,0.0
19056.0,794.0,100.0,100.0,100.0,0.0
19080.0,795.0,100.0,100.0,100.0,0.0
19104.0,796.0,100.0,100.0,100.0,0.0
19128.0,797.0,100.0,100.0,100.0,0.0
19152.0,798.0,100.0,100.0,100.0,0.0
19176.0,799.0,100.0,100.0,100.0,0.0
19200.0,800.0,100.0,100.0,100.0,0.0
19224.0,801.0,100.0,100.0,100.0,0.0
19248.0,802.0,100.0,100.0,100.0,0.0
19272.0,803.0,100.0,100.0,100.0,0.0
19296.0,804.0,100.0,100.0,100.0,0.0
19320.0,805.0,100.0,100.0,100.0,0.0
19344.0,806.0,100.0,100.0,100.0,0.0
19368.0,807.0,100.0,100.0,100.0,0.0
19392.0,808.0,100.0,100.0,100.0,0.0
19416.0,809.0,100.0,100.0,100.0,0.0
19440.0,810.0,100.0,100.0,100.0,0.0
19464.0,811.0,100.0,100.0,100.0,0.0
19488.0,812.0,100.0,100.0,100.0,0.0
19512.0,813.0,100.0,100.0,100.0,0.0
19536.0,814.0,100.0,100.0,100.0,0.0
19560.0,815.0,100.0,100.0,100.0,0.0
19584.0,816.0,100.0,100.0,100.0,0.0
19608.0,817.0,100.0,100.0,100.0,0.0
19632.0,818.0,100.0,100.0,100.0,0.0
19656.0,819.0,100.0,100.0,100.0,0.0
19680.0,820.0,100.0,100.0,100.0,0.0
19704.0,821.0,100.0,100.0,100.0,0.0
19728.0,822.0,100.0,100.0,100.0,0.0
19752.0,823.0,100.0,100.0,100.0,0.0
19776.0,824.0,100.0,100.0,100.0,0.0
19800.0,825.0,100.0,100.0,100.0,0.0
19824.0,826.0,100.0,100.0,100.0,0.0
19848.0,827.0,100.0,100.0,100.0,0.0
19872.0,828.0,100.0,100.0,100.0,0.0
19896.0,829.0,100.0,100.0,100.0,0.0
19920.0,830.0,100.0,100.0,100.0,0.0
19944.0,831.0,100.0,100.0,100.0,0.0
19968.0,832.0,100.0,100.0,100.0,0.0
19992.0,833.0,100.0,100.0,100.0,0.0
